/**
 * @file cs40l50_firmware.c
 *
 * @brief CS40L50 Firmware C Array File
 *
 * @copyright
 * Copyright (c) Cirrus Logic 2026 All Rights Reserved, http://www.cirrus.com/
 *
 * Licensed under the Apache License, Version 2.0 (the License); you may
 * not use this file except in compliance with the License.
 * You may obtain a copy of the License at
 *
 * www.apache.org/licenses/LICENSE-2.0
 *
 * Unless required by applicable law or agreed to in writing, software
 * distributed under the License is distributed on an AS IS BASIS, WITHOUT
 * WARRANTIES OR CONDITIONS OF ANY KIND, either express or implied.
 * See the License for the specific language governing permissions and
 * limitations under the License.
 *
 */

/***********************************************************************************************************************
 * INCLUDES
 **********************************************************************************************************************/
#include "cs40l50_firmware.h"

/***********************************************************************************************************************
 * GLOBAL VARIABLES
 **********************************************************************************************************************/

/**
 * @defgroup CS40L50_FIRMWARE_MEMORY_BLOCKS
 * @brief Firmware memory blocks
 * @details
 * Trailing zero bytes may be appended to fill output words
 *
 * @{
 */
const uint8_t cs40l50_fw_block_0[] = {
0x00,0x04,0x00,0x00,0x00,0x02,0x03,0x00,0x1A,0x00,0xD4,0x00,0x78,0x04,0x00,0x07,0x00,0x22,0x00,0x08,0x00,0x01,0x8E,0x00,
0x16,0x00,0x00,0x01,0xF2,0x0F,0x00,0x00,0x01,0x00,0x02,0x09,0x0C,0x00,0x15,0x28,0x00,0x00,0x00,0x00,0x00,0x00,0x00,0x00,
0x00,0x09,0xF2,0x00,0x10,0x4D,0x01,0x01,0x00,0x00,0x14,0x00,0x00,0x00,0x00,0x00,0xF2,0x23,0x00,0x00,0x01,0x00,0x03,0x09,
0x0B,0x00,0x15,0x5A,0x00,0x00,0x00,0x00,0x00,0x00,0x00,0x00,0x01,0x09,0xF2,0x01,0x10,0x62,0x01,0x01,0x00,0x00,0x2D,0x00,
0x00,0x00,0x00,0x00,0xF2,0x03,0x00,0x00,0x01,0x01,0x07,0x09,0x05,0x00,0x10,0xB0,0x00,0x00,0x00,0x00,0x00,0x00,0x00,0x00,
0x00,0x09,0xF2,0x06,0x10,0xBA,0x02,0x00,0x00,0x01,0x18,0x00,0x00,0x00,0x00,0x00,0x01,0x42,0x00,0x00,0x01,0x01,0x03,0x09,
0x0A,0x00,0x0C,0x59,0x00,0x00,0x00,0x00,0x00,0x00,0x00,0x00,0x01,0x09,0xF2,0x2C,0x15,0x88,0x01,0x00,0x00,0x00,0x36,0x00,
0x00,0x00,0x00,0x00,0x01,0x10,0x00,0x00,0x0A,0x00,0x05,0x09,0xA0,0x00,0x05,0xBE,0x03,0x80,0x00,0x00,0x00,0x00,0x5E,0x00,
0x00,0x09,0x01,0x3E,0x01,0x04,0x01,0x00,0x00,0x00,0x0A,0x00,0x00,0x00,0x00,0x00,0xF2,0x02,0x00,0x00,0x02,0x02,0x01,0x09,
0x17,0x00,0x09,0xE8,0x00,0x00,0x00,0x00,0x00,0x00,0x00,0x00,0x00,0x09,0x01,0x40,0x0C,0x24,0x02,0x00,0x00,0x00,0x0A,0x00,
0x0A,0x00,0x01,0xE6,0x01,0x43,0x00,0x00,0x01,0x00,0x00,0x09,0x1A,0x00,0x01,0x4C,0x03,0xDE,0x00,0x00,0x00,0x00,0x18,0x00,
0x02,0x09,0xF2,0x1B,0x0B,0xE3,0x02,0x01,0x00,0x00,0x41,0x00,0x00,0x00,0x00,0x00,0xF2,0x0C,0x00,0x00,0x03,0x01,0x00,0x09,
0x09,0x00,0x0B,0xDA,0x01,0xF6,0x00,0x00,0x00,0x00,0x02,0x00,0x00,0x09,0x01,0x3D,0x0C,0xFA,0x01,0x01,0x00,0x00,0x4A,0x00,
0x00,0x00,0x00,0x00,0x01,0x3C,0x00,0x00,0x06,0x06,0x00,0x09,0x10,0x00,0x0C,0x2E,0x00,0x00,0x00,0x00,0x00,0x00,0x00,0x00,
0x01,0x09,0xF2,0x07,0x06,0x5E,0x02,0x03,0x00,0x00,0x02,0x00,0xFA,0x00,0x04,0x04,0x01,0x46,0x00,0x00,0x01,0x00,0x02,0x09,
0x0D,0x00,0x06,0x86,0x00,0x00,0x00,0x00,0x00,0x00,0x00,0x00,0x01,0x09,0x00,0xBD,0x17,0x00,0x05,0x04,0x00,0x07,0xE6,0x00,
0xD0,0x00,0x0C,0x00,0x01,0x45,0x00,0x07,0x02,0x00,0x00,0x09,0x94,0x00,0x07,0xB8,0x00,0x00,0x00,0x00,0x00,0x00,0x00,0x00,
0x00,0x09,0x01,0x47,0x00,0x00,0x02,0x00,0x00,0x00,0x00,0x00,0x1A,0x00,0x05,0x04,0xDE,0xAD,0x00,0x00,0x12,0x34,0x56,0xBE,
};

const uint8_t cs40l50_fw_block_1[] = {
0x00,0xAB,0xCD,0xEF,0x00,0x12,0x34,0x56,0x00,0xAB,0xCD,0xEF,
};

const uint8_t cs40l50_fw_block_2[] = {
0x00,0x00,0x00,0x01,0x00,0x00,0x00,0x00,0x00,0x00,0x00,0x00,
};

const uint8_t cs40l50_fw_block_3[] = {
0x00,0x00,0x00,0x00,0x00,0x00,0x00,0xFF,0x00,0x00,0x00,0xFF,
};

const uint8_t cs40l50_fw_block_4[] = {
0x00,0x00,0x44,0x0C,0x7C,0x00,0x00,0x00,0x00,0x00,0x00,0x00,0x00,0x00,0x20,0x38,0x00,0x00,0x00,0x00,0x00,0x00,0x00,0x01,
0x00,0x00,0x2D,0x6C,0x00,0x00,0x00,0x00,0x00,0x00,0x00,0x02,0x00,0x00,0x64,0x80,0xFF,0xFF,0x00,0x00,0xFF,0xFF,0xFD,0x3F,
0x00,0x00,0x42,0x00,0x00,0x00,0x00,0x00,0xFF,0xFF,0xFF,0x7F,0xFF,0xFF,0xFF,0xFF,0x74,0xBB,0x00,0x00,0x00,0x04,0x18,0x93,
0x30,0x00,0x01,0x80,0x00,0x00,0x00,0x00,0x00,0x00,0x01,0x00,0x01,0x00,0x00,0x00,0x01,0xC0,0x00,0x00,0x00,0x00,0x30,0x00,
0x01,0x00,0x00,0x00,0x00,0x00,0x00,0x00,0x00,0x00,0x01,0x00,0x30,0x00,0x05,0x40,0x00,0x00,0x00,0x00,0x00,0x00,0x01,0x00,
0x01,0x00,0x00,0x00,0x41,0x4D,0x00,0x00,0x00,0x00,0x00,0x53,0x04,0x00,0x0E,0x58,0x00,0x00,0x00,0x00,0x53,0x41,0x4D,0x00,
0xC8,0x00,0x00,0x01,0x00,0x02,0x00,0x00,0x00,0x00,0x00,0x00,0x02,0x53,0x41,0x4D,0x00,0xCE,0x00,0x00,0x00,0x00,0x02,0x00,
0x4D,0x00,0x00,0x00,0x00,0x03,0x53,0x41,0x00,0x00,0xD4,0x00,0x00,0x00,0x00,0x02,0x41,0x4D,0x00,0x00,0x00,0x00,0x04,0x53,
0x01,0x00,0x0E,0x70,0x00,0x00,0x00,0x00,0x00,0x00,0x00,0x00,
};

const uint8_t cs40l50_fw_block_5[] = {
0x00,0xFF,0xFF,0xFF,0x00,0x00,0x00,0x00,
};

const uint8_t cs40l50_fw_block_6[] = {
0x00,0x00,0x00,0x00,0x00,0x00,0x00,0x06,
};

const uint8_t cs40l50_fw_block_7[] = {
0xFF,0xFF,0xFF,0xFF,0xFF,0xFF,0xFF,0xFF,0xFF,0xFF,0xFF,0xFF,0x14,0x7F,0xFF,0xFF,0xFF,0xFF,0x00,0x00,0x00,0x00,0x14,0x7F,
0x14,0x7F,0xFF,0xFF,0x00,0x00,0x00,0x00,0x03,0xE8,0x00,0x00,0x00,0x00,0x00,0x00,0x00,0x00,0x03,0xE8,0x00,0x40,0x00,0x00,
};

const uint8_t cs40l50_fw_block_8[] = {
0x00,0x00,0x00,0x00,0x00,0x00,0x00,0x30,
};

const uint8_t cs40l50_fw_block_9[] = {
0x00,0x28,0x00,0x00,0x26,0x66,0x28,0x00,0x00,0x0C,0xE9,0x04,0x78,0x00,0x18,0x93,0x00,0x05,0x00,0x0B,0x00,0x12,0xC0,0x00,
0xAE,0x14,0x7A,0xE1,0x7B,0xD0,0x01,0x47,0x00,0x00,0x08,0x63,0x00,0x00,0x00,0x00,0x97,0x78,0x00,0x00,0x02,0x43,0x0B,0x01,
0x08,0x63,0x7B,0xD0,0x20,0xC5,0x00,0x00,0x00,0x20,0xC5,0x00,0x00,0x00,0x10,0x00,0x47,0xAE,0x00,0x08,0x40,0x00,0x00,0x01,
};

const uint8_t cs40l50_fw_block_10[] = {
0x00,0x00,0x00,0x00,0x00,0x00,0x00,0x00,
};

const uint8_t cs40l50_fw_block_11[] = {
0x00,0x00,0x00,0x00,0x00,0x00,0x40,0x00,0x80,0x00,0x00,0x00,
};

const uint8_t cs40l50_fw_block_12[] = {
0x00,0x00,0x00,0x00,0x00,0x00,0x20,0x00,0xE0,0x00,0x00,0x00,
};

const uint8_t cs40l50_fw_block_13[] = {
0x00,0x53,0x41,0x43,0x00,0x80,0x00,0x00,0x00,0x00,0x01,0x00,0x00,0x00,0x00,0x03,0x00,0x00,0x00,0x00,0x53,0x41,0x43,0x00,
0x84,0x00,0x00,0x00,0x00,0x02,0x00,0x00,0x00,0x00,0x03,0x00,0x00,0x00,0x00,0x00,0x41,0x43,0x00,0x00,0x00,0x00,0x00,0x53,
0x03,0x00,0x00,0x85,0x00,0x03,0x00,0x00,0x00,0x00,0x00,0x00,0x43,0x00,0x00,0x00,0x00,0x01,0x53,0x41,0x00,0x00,0x81,0x00,
0x03,0x00,0x00,0x01,0x00,0x00,0x00,0x00,0x00,0x00,0x00,0x00,0x02,0x53,0x41,0x43,0x00,0x82,0x00,0x00,0x00,0x00,0x01,0x00,
0x00,0x00,0x00,0x03,0x00,0x00,0x00,0x00,0x53,0x41,0x43,0x00,0x83,0x00,0x00,0x03,0x00,0x01,0x00,0x00,0x00,0x00,0x03,0x00,
0x00,0x00,0x00,0x00,0x41,0x43,0x00,0x00,0x00,0x00,0x04,0x53,0x00,0x00,0x00,0x86,0x00,0x03,0x00,0x00,0x00,0x00,0x00,0x00,
0x43,0x00,0x00,0x00,0x00,0x00,0x53,0x41,0x00,0x00,0x00,0x00,0x03,0x00,0x00,0x00,0x00,0x00,0x00,0x00,0x00,0x00,0x00,0x00,
0x01,0x53,0x41,0x43,0x00,0x01,0x00,0x00,0x00,0x00,0x00,0x00,0x00,0x00,0x00,0x03,0x00,0x00,0x00,0x00,0x53,0x41,0x43,0x00,
0x02,0x00,0x00,0x02,0x00,0x00,0x00,0x00,0x00,0x00,0x03,0x00,0x00,0x00,0x00,0x00,0x41,0x43,0x00,0x00,0x00,0x00,0x03,0x53,
0x00,0x00,0x00,0x03,0x00,0x03,0x00,0x00,0x00,0x00,0x00,0x00,
};

const uint8_t cs40l50_fw_block_14[] = {
0x00,0x00,0x00,0x00,
};

const uint8_t cs40l50_fw_block_15[] = {
0x00,0x00,0x00,0x00,0x00,0x00,0x00,0x01,
};

const uint8_t cs40l50_fw_block_16[] = {
0x00,0x00,0x00,0x01,0xFF,0xFF,0x00,0x00,0x00,0x00,0x00,0x7F,0x6C,0x78,0x82,0x6C,0x00,0x00,0x78,0x82,0x00,0x00,0x00,0x00,
0x66,0x66,0x66,0x65,0xFF,0xFF,0x02,0x66,0x19,0x00,0x00,0x7F,0x00,0x00,0x00,0x00,0x00,0x00,0x00,0x00,0x4B,0x00,0x00,0x00,
0x2E,0x00,0x00,0x97,0x00,0x97,0x00,0x01,0xF5,0xAD,0x5C,0x00,0x00,0x19,0x98,0x74,0x00,0x00,0x10,0x00,0x20,0x00,0x00,0x10,
0xD2,0x10,0x00,0x00,0x90,0x66,0xF2,0x9F,0x10,0x00,0x00,0x1C,0x6C,0x7F,0xEC,0x58,0x00,0x00,0x78,0x82,0x7D,0xB6,0x95,0x00,
0x6C,0x00,0x00,0x00,0x3B,0xE2,0x78,0x82,0x00,0x00,0x00,0x7F,0x00,0x08,0x00,0x00,0x00,0x00,0x08,0x00,0x7F,0xFE,0x09,0x00,
0xFF,0x59,0x99,0x9A,0x00,0x01,0x7F,0xFF,0x18,0x00,0x00,0x00,0xAD,0x08,0x00,0x00,0x00,0x01,0xBE,0xDE,0x4B,0x00,0x00,0x00,
0x44,0x08,0x95,0xDE,0x95,0xDE,0xEE,0xD4,0xF9,0x74,0xAE,0x08,0x00,0x14,0x16,0x49,0x00,0x00,0x10,0x00,0xE0,0x00,0x00,0x10,
0x92,0x10,0x00,0x00,0x4A,0xB8,0xF4,0xBC,0x10,0x00,0x00,0x18,0x6C,0x7F,0xEC,0x58,0x00,0x00,0x78,0x82,0x78,0x82,0x6C,0x00,
0x6C,0x00,0x00,0x00,0x35,0x2B,0x78,0x82,0x7F,0x3B,0xE2,0x7C,0x00,0x18,0x00,0x00,0x00,0x00,0x08,0x00,0x7F,0xFE,0x09,0x00,
0xFF,0x40,0x00,0x00,0x00,0x01,0x7F,0xFF,0x20,0x00,0x00,0x00,0xAD,0x07,0x33,0x33,0x47,0xAE,0xBE,0xDE,0x7F,0xFF,0xFF,0x01,
0x37,0x7F,0x4F,0x73,0x00,0x00,0x7F,0xFF,0x5E,0x17,0x7E,0x00,0x10,0x7F,0xFF,0xFF,0xFE,0x09,0x7F,0xC5,0x7C,0x35,0x2B,0x7F,
0xFF,0x7F,0x9D,0xD2,0xB8,0x52,0x7F,0xFF,0x0C,0xCC,0xCD,0xFE,0x10,0x7F,0xC5,0x10,0xC5,0x10,0x7F,0xC5,0x7F,0xFE,0x09,0x7F,
0x10,0x7F,0xC5,0x10,0x38,0x02,0x7F,0xC5,0xFF,0xDA,0xCB,0x01,0x6C,0x01,0x38,0x02,0x9D,0x59,0xF3,0x73,0x00,0x20,0x00,0x17,
0xC3,0x01,0x63,0x71,0x63,0x71,0x01,0xD9,0xF7,0xFB,0x2D,0x01,0xFF,0x15,0xD8,0x26,0x00,0x0B,0x7F,0xFF,0x00,0x00,0x00,0x80,
0xBD,0x10,0x00,0x00,0x00,0x00,0x00,0x5A,0xF4,0x37,0xD6,0x10,0x4C,0x15,0xDB,0x89,0x00,0x00,0x17,0x97,0xE0,0x10,0xBA,0x10,
0x79,0x10,0x00,0x00,0x12,0x8E,0xF1,0x65,0x17,0x97,0x4C,0x1E,0x85,0x10,0x00,0x00,0x00,0x00,0xF3,0x4F,0xF2,0x26,0x13,0x10,
0x38,0x13,0xAD,0x95,0x00,0x00,0x54,0x46,0xE0,0x27,0x84,0x10,0xCC,0x10,0x00,0x00,0x40,0x67,0xF0,0x6D,0x54,0x46,0x38,0x1F,
0x5A,0x10,0x00,0x00,0x00,0x00,0xF0,0x48,0xF0,0x97,0x60,0x10,0xA8,0x13,0x0A,0x67,0x00,0x00,0x6A,0xC6,0xE0,0x32,0x02,0x10,
0x22,0x10,0x00,0x00,0xA1,0x8E,0xF0,0x19,0x6A,0xC6,0xA8,0x1F,0x00,0xF0,0x00,0x00,0x00,0x00,0x00,0x00,0xF3,0xF0,0x72,0x10,
0x6C,0x1A,0x4D,0xB7,0x00,0x01,0x33,0x56,0x00,0x00,0x00,0x80,0x00,0x7F,0xFF,0xFF,0x00,0x00,0x00,0x00,0x00,0x00,0x00,0x00,
};

const uint8_t cs40l50_fw_block_17[] = {
0x00,0x00,0x00,0x00,0x00,0x00,0x20,0x00,0xE0,0x00,0x00,0x00,
};

const uint8_t cs40l50_fw_block_18[] = {
0x00,0x00,0x00,0x00,0x7C,0x04,0x00,0x00,0x00,0x00,0x00,0x00,
};

const uint8_t cs40l50_fw_block_19[] = {
0x00,0x00,0x00,0x00,0x00,0x00,0x00,0x15,
};

const uint8_t cs40l50_fw_block_20[] = {
0xC7,0x03,0xFD,0x70,0xC6,0xBE,0x00,0x80,0xFF,0xA4,0x2B,0x03,0x00,0x0C,0xCC,0xCD,0x77,0xAF,0x00,0x00,0x00,0x00,0x05,0x7F,
};

const uint8_t cs40l50_fw_block_21[] = {
0x00,0x00,0x00,0x00,0x00,0x00,0x00,0x00,0x00,0x00,0x00,0x00,
};

const uint8_t cs40l50_fw_block_22[] = {
0x00,0x00,0x00,0x00,0x00,0x00,0x00,0x00,
};

const uint8_t cs40l50_fw_block_23[] = {
0x00,0x00,0x00,0x00,0x00,0x00,0x00,0x00,0x00,0x00,0x00,0x00,0x00,0x00,0x00,0x00,0x00,0x00,0x00,0x00,0x00,0x00,0x00,0x00,
0x00,0x00,0x00,0x00,0x00,0x00,0x00,0x00,0x00,0x00,0x00,0x00,0x00,0x00,0x00,0x00,0x00,0x00,0x00,0x00,0x00,0x00,0x00,0x00,
0x00,0x00,0x00,0x00,0x00,0x00,0x00,0x00,0x00,0x00,0x00,0x00,0x00,0x00,0x00,0x00,0x00,0x00,0x00,0x00,0x00,0x00,0x00,0x00,
0x00,0x00,0x00,0x00,0x00,0x00,0x00,0x00,0x00,0x00,0x00,0x00,0x00,0x00,0x00,0x00,0x00,0x00,0x00,0x00,0x00,0x00,0x00,0x00,
0x00,0x00,0x00,0x00,0x00,0x00,0x00,0x00,0x00,0x00,0x00,0x00,0x00,0x00,0x00,0x00,0x00,0x00,0x00,0x00,0x00,0x00,0x00,0x00,
0x00,0x00,0x00,0x00,0x00,0x00,0x00,0x00,0x00,0x00,0x00,0x00,0x00,0x00,0x00,0x00,0x00,0x00,0x00,0x00,0x00,0x00,0x00,0x00,
0x00,0x00,0x00,0x00,0x00,0x00,0x00,0x00,0x00,0x00,0x00,0x00,0x00,0x00,0x00,0x00,0x00,0x00,0x00,0x00,0x00,0x00,0x00,0x00,
0x00,0x00,0x00,0x00,0x00,0x00,0x00,0x00,0x00,0x00,0x00,0x00,0x00,0x00,0x00,0x00,0x00,0x00,0x00,0x00,0x00,0x00,0x00,0x00,
0x00,0x00,0x00,0x00,0x00,0x00,0x00,0x00,0x00,0x00,0x00,0x00,0x00,0x00,0x00,0x00,0x00,0x00,0x00,0x00,0x00,0x00,0x00,0x00,
0x00,0x00,0x00,0x00,0x00,0x00,0x00,0x00,0x00,0x00,0x00,0x00,0x00,0x00,0x00,0x00,0x00,0x00,0x00,0x00,0x00,0x00,0x00,0x00,
0x00,0x00,0x00,0x00,0x00,0x00,0x00,0x00,0x00,0x00,0x00,0x00,0x00,0x00,0x00,0x00,0x00,0x00,0x00,0x00,0x00,0x00,0x00,0x00,
0x00,0x00,0x00,0x00,0x00,0x00,0x00,0x00,0x00,0x00,0x00,0x00,0x00,0x00,0x00,0x00,0x00,0x00,0x00,0x00,0x00,0x00,0x00,0x00,
0x00,0x00,0x00,0x00,0x00,0x00,0x00,0x00,0x00,0x00,0x00,0x00,0x00,0x00,0x00,0x00,0x00,0x00,0x00,0x00,0x00,0x00,0x00,0x00,
0x00,0x00,0x00,0x00,0x00,0x00,0x00,0x00,0x00,0x00,0x00,0x00,0x00,0x00,0x00,0x00,0x00,0x00,0x00,0x00,0x00,0x00,0x00,0x00,
0x00,0x00,0x00,0x00,0x00,0x00,0x00,0x00,0x00,0x00,0x00,0x00,0x00,0x00,0x00,0x00,0x00,0x00,0x00,0x00,0x00,0x00,0x00,0x00,
0x00,0x00,0x00,0x00,0x00,0x00,0x00,0x00,0x00,0x00,0x00,0x00,0x00,0x00,0x00,0x00,0x00,0x00,0x00,0x00,0x00,0x00,0x00,0x00,
0x00,0x00,0x00,0x00,0x00,0x00,0x00,0x00,0x00,0x00,0x00,0x00,0x00,0x00,0x00,0x00,0x00,0x00,0x00,0x00,0x00,0x00,0x00,0x00,
0x00,0x00,0x00,0x00,0x00,0x00,0x00,0x00,0x00,0x00,0x00,0x00,0x00,0x00,0x00,0x00,0x00,0x00,0x00,0x00,0x00,0x00,0x00,0x00,
0x00,0x00,0x00,0x00,0x00,0x00,0x00,0x00,0x00,0x00,0x00,0x00,0x00,0x00,0x00,0x00,0x00,0x00,0x00,0x00,0x00,0x00,0x00,0x00,
0x00,0x00,0x00,0x00,0x00,0x00,0x00,0x00,0x00,0x00,0x00,0x00,0x00,0x00,0x00,0x00,0x00,0x00,0x00,0x00,0x00,0x00,0x00,0x00,
0x00,0x00,0x00,0x00,0x00,0x00,0x00,0x00,0x00,0x00,0x00,0x00,0x00,0x00,0x00,0x00,0x00,0x00,0x00,0x00,0x00,0x00,0x00,0x00,
0x00,0x00,0x00,0x00,0x00,0x00,0x00,0x00,0x00,0x00,0x00,0x00,0x00,0x00,0x00,0x00,0x00,0x00,0x00,0x00,0x00,0x00,0x00,0x00,
0x00,0x00,0x00,0x00,0x00,0x00,0x00,0x00,0x00,0x00,0x00,0x00,0x00,0x00,0x00,0x00,0x00,0x00,0x00,0x00,0x00,0x00,0x00,0x00,
0x00,0x00,0x00,0x00,0x92,0x18,0x00,0x00,0x00,0x00,0x00,0x00,0xFF,0xFF,0xFF,0xFF,0xF0,0x00,0x00,0x00,0x00,0x00,0x00,0x00,
0x00,0x00,0x64,0x9C,0x00,0x00,0x00,0x00,0x00,0x00,0x00,0x0C,0xFF,0xF3,0x00,0x00,0x7C,0x04,0xFF,0xFF,0x00,0x00,0x00,0x00,
0x00,0x01,0x00,0x00,0x00,0x00,0x00,0x00,0xFF,0xFF,0xFF,0xFE,
};

const uint8_t cs40l50_fw_block_24[] = {
0x00,0x00,0x00,0x00,0x00,0x00,0x00,0x00,0x00,0x00,0x00,0x00,0x00,0x00,0x00,0x00,0x32,0x05,0x20,0x00,0xC0,0x06,0x0C,0xCC,
0x00,0x00,0x00,0x00,0xAB,0x1A,0x20,0x00,0x7F,0xCD,0x5A,0xF3,0x32,0xB7,0xD0,0x33,0x00,0x00,0xC0,0x2D,0x20,0x00,0x00,0x00,
0x07,0x80,0xA8,0x12,0x00,0x00,0xC0,0x00,0x20,0x00,0x00,0x00,0xE1,0xDD,0x72,0xAE,0x8F,0x17,0x7F,0xF8,0xC0,0x06,0xFC,0xD9,
0x00,0x00,0x00,0x00,0x19,0xEA,0x20,0x00,0xC0,0x0A,0xD8,0x81,0x00,0x00,0x00,0x00,0x17,0x67,0x20,0x00,0x7F,0xA9,0x4F,0x0D,
0x0D,0xF7,0x1A,0x8E,0x00,0x00,0xC0,0x53,0x20,0x00,0x00,0x00,0x04,0x2F,0x3A,0xCA,0x00,0x00,0xC0,0x00,0x20,0x00,0x00,0x00,
0x94,0xF2,0x67,0x76,0xEA,0x77,0x7F,0xEC,0xC0,0x13,0x39,0x46,0x00,0x00,0x00,0x00,0x11,0x0D,0x04,0x00,0xF8,0x09,0x18,0x39,
0x00,0x00,0x00,0x00,0x14,0xD9,0x04,0x00,0x7F,0x9E,0xC9,0x0A,0xA8,0xD5,0x63,0x56,0x00,0x00,0xC0,0x5F,0x20,0x00,0x00,0x00,
0x00,0x9F,0x62,0x54,0x00,0x00,0xC0,0x00,0x20,0x00,0x00,0x00,0xD2,0x7C,0xDB,0x67,0xC5,0x6E,0x7F,0xCB,0xC0,0x33,0xB9,0x45,
0x00,0x00,0x00,0x00,0x8A,0x05,0x20,0x00,0xC0,0x04,0xFB,0x36,0x00,0x00,0x00,0x00,0x55,0x3C,0x20,0x00,0x7F,0xEC,0x30,0x2F,
0x75,0x3C,0x86,0x10,0x00,0x00,0xC0,0x0D,0x20,0x00,0x00,0x00,0x09,0x1C,0xCA,0x2E,0x00,0x00,0xC0,0x00,0x20,0x00,0x00,0x00,
0x1A,0xC6,0xC2,0x7B,0xC0,0xE2,0x7F,0xFE,0xC0,0x01,0xC8,0xA8,0x00,0x00,0x00,0x00,0xBC,0x67,0x40,0x00,0xDC,0xE9,0x1A,0xEE,
0x86,0xB5,0x6E,0x06,0x05,0xAA,0xE6,0x14,0x44,0xF9,0xD2,0xD6,0x60,0xB4,0x0B,0x90,0x00,0x00,0xF9,0x16,0x40,0x00,0x00,0x00,
0x6E,0x92,0x05,0x73,0x8D,0x6B,0xAC,0xDF,0x2B,0xC9,0x87,0xE5,0x4B,0xCE,0x85,0xBE,0x8D,0xEE,0x54,0xDD,0xDB,0x83,0x62,0xA7,
0x00,0x00,0x00,0x00,0xFD,0x51,0x40,0x00,0x8D,0xE3,0xA9,0x7A,0xA2,0x9D,0x59,0xFC,0x39,0x30,0x39,0xE5,0x73,0x76,0x0F,0xFC,
0xB3,0x6C,0x43,0xF9,0x00,0x00,0xC8,0x9A,0x40,0x00,0x00,0x00,0xFA,0xF9,0x49,0x12,0xCC,0xF6,0x80,0x07,0x3F,0xFB,0x98,0x8C,
0x36,0x05,0x4E,0xDF,0xCA,0x3F,0x7C,0x27,0xC3,0x60,0x71,0x61,0xFF,0xFF,0xFF,0xFE,0x00,0x0A,0x7F,0xFF,0x5E,0xF8,0xE6,0x00,
0x3B,0x7E,0xB8,0x52,0x00,0x00,0x7F,0xDF,0x06,0x66,0x66,0x20,0xCD,0x73,0x33,0x33,0xCC,0xCD,0x0C,0xCC,0x00,0x03,0xE8,0x0C,
0x14,0x00,0x00,0x00,0x00,0x78,0x00,0x00,0x0C,0xCC,0xCD,0x00,0xCD,0x73,0x33,0x33,0x00,0x00,0x0C,0xCC,0x00,0x00,0x00,0x00,
0x00,0x00,0x00,0x00,0x00,0x00,0x00,0x00,0x00,0x00,0x00,0x00,
};

const uint8_t cs40l50_fw_block_25[] = {
0x00,0x00,0x00,0x01,0x00,0x00,0x00,0x00,
};

const uint8_t cs40l50_fw_block_26[] = {
0x00,0x00,0x00,0x01,
};

const uint8_t cs40l50_fw_block_27[] = {
0x00,0x00,0x00,0x00,0x00,0x00,0x00,0x00,
};

const uint8_t cs40l50_fw_block_28[] = {
0x00,0x00,0x00,0x00,0x00,0x00,0x00,0x00,0x00,0x00,0x07,0x00,0x00,0x00,0x00,0x00,0x0C,0x8E,0x00,0x00,0x00,0x0F,0xE9,0x00,
0x00,0x00,0x00,0x00,0x00,0x0C,0x00,0x00,0x00,0x02,0x58,0x00,
};

const uint8_t cs40l50_fw_block_29[] = {
0x00,0x00,0x02,0x30,0x00,0x00,0x00,0x00,
};

const uint8_t cs40l50_fw_block_30[] = {
0x00,0x00,0x7C,0x04,0x40,0x00,0x00,0x00,0x00,0x00,0x00,0x00,0x00,0x00,0x20,0x40,0x00,0x00,0x00,0x00,0x00,0x00,0x01,0x00,
};

const uint8_t cs40l50_fw_block_31[] = {
0x00,0x00,0x20,0x40,0x00,0x00,0x00,0x00,0x00,0x00,0x01,0x00,0x00,0x00,0x20,0x34,0x44,0x04,0x00,0x00,0x00,0x00,0x00,0x00,
0xFF,0xFF,0xFF,0xFF,0x20,0x40,0x00,0x00,0x00,0x00,0x00,0x00,0x01,0x00,0x00,0x00,0x00,0x00,0x00,0x00,0x00,0x00,0x02,0x00,
0x00,0x00,0x44,0x0C,0x00,0x00,0x00,0x00,0x00,0x00,0x1F,0xFF,0x00,0x00,0x44,0x04,0xFF,0xFF,0x00,0x00,0x00,0x00,0xFF,0xFF,
0xFF,0xFF,0x00,0x00,0x00,0x00,0xFF,0xFF,0x40,0x00,0x00,0x00,
};

const uint8_t cs40l50_fw_block_32[] = {
0x00,0x00,0x00,0x00,
};

const uint8_t cs40l50_fw_block_33[] = {
0x00,0x0F,0xF5,0x44,0x00,0xE0,0x09,0x2F,
};

const uint8_t cs40l50_fw_block_34[] = {
0x28,0x10,0x03,0x94,0xF6,0xD1,0xF0,0x07,0x00,0x00,0x00,0x1F,0x0E,0x24,0x00,0x00,0x82,0x7A,0x00,0x74,0x00,0x00,0x00,0x5A,
0x00,0xFF,0x83,0x33,0x7C,0xCD,0x00,0x00,0xF0,0xF9,0x9A,0x00,0x00,0x1F,0x05,0xB8,0x00,0x00,0x00,0x00,0x00,0x00,0x00,0x00,
};

const uint8_t cs40l50_fw_block_35[] = {
0xBC,0x00,0x12,0xFA,0x12,0xC6,0x1C,0x00,0x1C,0x15,0x14,0x00,0xE6,0x00,0x12,0xD4,0x13,0x29,0x1C,0x15,0x1C,0x11,0x1E,0x00,
0xB8,0x00,0x13,0x63,0x12,0x98,0x1C,0x01,0x1C,0x16,0xC8,0x00,0x86,0x00,0x12,0xD6,0x12,0xCC,0x1C,0x15,0x1C,0x16,0x6E,0x00,
0x84,0x00,0x12,0xC9,0x12,0x01,0x1C,0x16,0x1C,0x08,0x34,0x00,0x60,0x00,0x13,0x3C,0x13,0x5A,0x1C,0x03,0x1C,0x02,0xD4,0x00,
0x66,0x00,0x13,0x64,0x13,0x58,0x1C,0x07,0x1C,0x02,0x5E,0x00,0x76,0x00,0x13,0x56,0x13,0x62,0x1C,0x02,0x1C,0x03,0x2C,0x00,
0xC2,0x00,0x13,0x3D,0x12,0xD2,0x1C,0x03,0x1C,0x15,0x3A,0x00,0x56,0x00,0x12,0xFF,0x13,0x00,0x1C,0x17,0x1C,0x17,0x66,0x00,
0x2C,0x00,0x13,0x50,0x13,0x84,0x1C,0x01,0x1C,0x0B,0xFE,0x00,0xEE,0x00,0x13,0x83,0x13,0x52,0x1C,0x0B,0x1C,0x01,0x84,0x00,
0xA8,0x00,0x13,0x55,0x13,0x41,0x1C,0x01,0x1C,0x08,0x20,0x00,0x06,0x00,0x12,0xBB,0x12,0xBF,0x1C,0x12,0x1C,0x12,0x56,0x00,
0x76,0x00,0x12,0xC1,0x12,0xBE,0x1C,0x12,0x1C,0x13,0x82,0x00,0x1C,0x00,0x12,0xCA,0x12,0xB5,0x1C,0x15,0x1C,0x1C,0x34,0x00,
0x36,0x00,0x12,0xFD,0x12,0xFE,0x1C,0x17,0x1C,0x17,0x40,0x00,0x64,0x00,0x13,0xC4,0x12,0xF9,0x1C,0x1C,0x1C,0x00,0x5C,0x00,
0xD2,0x00,0x13,0xC6,0x12,0xEA,0x1C,0x1C,0x1C,0x08,0xC6,0x00,0x58,0x00,0x12,0x90,0x12,0x8E,0x1C,0x11,0x1C,0x11,0x80,0x00,
0x00,0x00,0x00,0x00,0x00,0x00,0x00,0x00,0x00,0x00,0x00,0x00,0x00,0x00,0x00,0x00,0x00,0x00,0x00,0x00,0x00,0x00,0x00,0x00,
0x00,0x00,0x00,0x00,0x00,0x00,0x00,0x00,0x00,0x00,0x00,0x00,0x00,0x00,0x00,0x00,0x00,0x00,0x00,0x00,0x00,0x00,0x00,0x00,
0x00,0x00,0x00,0x00,0x00,0x00,0x00,0x00,0x00,0x00,0x00,0x00,0x00,0x00,0x00,0x00,0x00,0x00,0x00,0x00,0x00,0x00,0x00,0x00,
0x00,0x00,0x00,0x00,0x00,0x00,0x00,0x00,0x00,0x00,0x00,0x00,0x00,0x00,0x00,0x00,0x00,0x00,0x00,0x00,0x00,0x00,0x00,0x00,
0x00,0x00,0x00,0x00,0x00,0x00,0x00,0x00,0x00,0x00,0x00,0x00,0x00,0x00,0x00,0x00,0x00,0x00,0x00,0x00,0x00,0x00,0x00,0x00,
0x00,0x00,0x00,0x00,0x00,0x00,0x00,0x00,0x00,0x00,0x00,0x00,0x00,0x00,0x00,0x00,0x00,0x00,0x00,0x00,0x00,0x00,0x00,0x00,
0x00,0x00,0x00,0x00,0x00,0x00,0x00,0x00,0x00,0x00,0x00,0x00,0x00,0x00,0x00,0x00,0x00,0x00,0x00,0x00,0x00,0x00,0x00,0x00,
0x00,0x00,0x00,0x00,0x00,0x00,0x00,0x00,0x00,0x00,0x00,0x00,0x00,0x00,0x00,0x00,0x00,0x00,0x00,0x00,0x00,0x00,0x00,0x00,
0x00,0x00,0x00,0x00,0x00,0x00,0x00,0x00,0x00,0x00,0x00,0x00,0x00,0x00,0x00,0x00,0x00,0x00,0x00,0x00,0x00,0x00,0x00,0x00,
0x00,0x00,0x00,0x00,0x00,0x00,0x00,0x00,0x00,0x00,0x00,0x00,0x00,0x00,0x00,0x00,0x00,0x00,0x00,0x00,0x00,0x00,0x00,0x00,
0x00,0x00,0x00,0x00,0x00,0x00,0x00,0x00,0x00,0x00,0x00,0x00,0x00,0x00,0x00,0x00,0x00,0x00,0x00,0x00,0x00,0x00,0x00,0x00,
0x00,0x00,0x00,0x00,0x00,0x00,0x00,0x00,0x00,0x00,0x00,0x00,0x00,0x00,0x00,0x00,0x0C,0xD1,0x00,0x00,0xFF,0xE6,0x7F,0x00,
0x6F,0x00,0x0C,0xD1,0x51,0x43,0x0F,0xAF,0x00,0x00,0x00,0xE0,0xCE,0x10,0x00,0x00,0x00,0x00,0xE0,0x07,0x0F,0xE3,0x76,0x10,
0x00,0xE0,0x1E,0x0D,0x68,0x05,0x00,0x00,0xE1,0x2F,0xFA,0x0F,0x4A,0x0F,0x68,0x05,0x67,0xD9,0x0F,0x99,0x00,0x00,0x00,0xE0,
0x1B,0x10,0x00,0x00,0x00,0x00,0xE0,0x00,0x0F,0xEF,0x0C,0x10,
};

const uint8_t cs40l50_fw_block_36[] = {
0x00,0xE0,0x11,0x7D,0x00,0x00,0x00,0x00,
};

const uint8_t cs40l50_fw_block_37[] = {
0x00,0x00,0x00,0x0E,0x00,0x00,0x00,0x00,0x00,0x11,0xA2,0x00,0xA2,0x00,0x00,0x00,0x00,0x00,0x00,0x11,0x7F,0xFF,0xFF,0x00,
0xFF,0x00,0x00,0x00,0x00,0x00,0x7F,0xFF,0x7F,0xFF,0xFF,0x00,0xFF,0x00,0x00,0x00,0x00,0x00,0x7F,0xFF,0x7F,0xFF,0xFF,0x00,
0xFF,0x00,0x00,0x00,0x00,0x00,0x7F,0xFF,0x00,0x00,0x00,0x00,0x00,0x00,0x00,0x00,0x00,0x00,0x00,0x00,0x00,0x00,0x00,0x00,
};

const uint8_t cs40l50_fw_block_38[] = {
0x00,0x00,0x00,0x00,0x00,0x00,0x00,0x00,
};

const uint8_t cs40l50_fw_block_39[] = {
0x00,0x00,0x12,0xBB,0x00,0x82,0x8F,0xDC,0x00,0x00,0x00,0x00,0x00,0x00,0x00,0x00,0x00,0x00,0x00,0x00,0x00,0x21,0x4F,0xF9,
0x00,0x00,0x00,0x1C,0xCC,0x00,0x9A,0x50,0x00,0x1B,0x02,0x19,0x0F,0x74,0xC1,0xB0,0x40,0x20,0x52,0x89,0x25,0x00,0x00,0x9A,
0x52,0x81,0x85,0x48,0x11,0x9A,0x40,0x20,0x55,0x20,0xA7,0xA0,0x00,0x89,0xA4,0x00,0x09,0xCC,0x00,0x7A,0xCE,0x82,0x06,0x40,
0xE9,0x06,0x34,0x88,0x1B,0x00,0x11,0x4F,0x80,0x1C,0x08,0xD8,0x01,0xCF,0xFE,0x9C,0x1E,0xD0,0x8F,0x40,0x50,0x9A,0x40,0xE0,
0x99,0x00,0x00,0x27,0x50,0x00,0x00,0x00,0x97,0x80,0x04,0x00,0xD6,0x65,0x78,0x08,0x15,0x6D,0xFC,0x96,0x8A,0x04,0x00,0x80,
0x80,0x1C,0x1D,0x14,0x24,0x00,0x00,0x9C,0x00,0x00,0x8A,0xC1,0x01,0x02,0x00,0x70,0x00,0x00,0x09,0xE0,0x03,0xC0,0x00,0x00,
0x00,0x81,0x21,0xC0,0x05,0x00,0x00,0x00,0x00,0x09,0x11,0x10,0x8F,0x40,0x00,0x00,0x0D,0x40,0x1C,0x15,0x40,0x00,0x00,0x74,
0xB0,0x39,0x1C,0x00,0xE0,0x14,0xFD,0x11,0x99,0x00,0x02,0x66,0x38,0x01,0x4F,0xB9,0x21,0xB0,0xC2,0x90,0x0C,0x98,0x14,0xFF,
0x00,0x9C,0xC0,0x1C,0x8F,0x40,0x00,0x00,0x00,0x02,0x66,0xE0,0x01,0xB1,0x42,0x99,0x4F,0xC1,0x00,0xE0,0xA9,0x1B,0x03,0x91,
0x14,0xFE,0x21,0x4F,0x80,0x00,0x14,0xD4,0x01,0xCF,0xFC,0x9C,0x4F,0xF9,0x8F,0x40,0xB6,0x1C,0x00,0x21,0x9C,0xC0,0x00,0x03,
0x40,0x00,0x00,0x00,0x00,0x14,0xE0,0x8F,0x3E,0x01,0x99,0x04,0xE9,0x00,0x00,0x03,0x02,0x20,0x91,0x4F,0x00,0x09,0xCC,0x00,
0x01,0xB0,0x19,0x00,0x14,0xE0,0x04,0xEA,0xE9,0x99,0x04,0x00,0x1B,0x00,0x11,0x4F,0xE1,0x10,0x05,0x00,0x01,0xCF,0xFE,0x33,
0x85,0xE0,0x8F,0x40,0x02,0x99,0x00,0x01,0x8D,0x04,0x11,0xC0,0xC0,0x61,0x4F,0xF9,0x00,0x89,0x21,0x01,0xCC,0x01,0x99,0x20,
0x00,0x75,0x00,0x09,0xC1,0x7A,0xE0,0x00,0xC0,0x00,0x50,0x66,0x00,0x00,0x00,0x9C,0x41,0x60,0x8F,0x40,0x00,0x99,0x00,0x02,
0x00,0xE0,0x07,0x48,0x40,0x00,0x00,0x00,0x02,0x6E,0x84,0x8F,0xB0,0x19,0x99,0x00,0x98,0x00,0xE0,0x41,0x9A,0x40,0x00,0x07,
0xFE,0x91,0xB0,0x00,0x01,0xCF,0xFE,0x14,0x14,0xC0,0x00,0x50,0x00,0x99,0x04,0x00,0x00,0x00,0x00,0x80,0x10,0x91,0xC0,0x02,
0x99,0xCC,0x00,0x02,0x00,0x00,0x14,0xFF,0xE0,0x01,0x65,0x60,0x99,0x04,0x00,0x14,0x40,0x1D,0xB0,0x04,0x41,0xB0,0x08,0x90,
0x14,0xE0,0x33,0xE1,0x10,0x99,0x04,0x00,0x00,0x00,0x03,0x3E,0x00,0x00,0x00,0x00,0x90,0x00,0x00,0x1B,0xCF,0xFE,0x14,0xFE,
0xC0,0x00,0x50,0x01,0x99,0x04,0x00,0x14,0x00,0x00,0x80,0x00,0x40,0x00,0x00,0x00,0xC8,0x00,0x02,0x10,0x00,0x00,0x00,0x09,
0x01,0x5A,0x00,0x00,0x80,0x1C,0x00,0x74,0x00,0x00,0x00,0x9C,0x4F,0xF9,0x8F,0x40,0x24,0x1C,0x00,0x21,0x9C,0xC0,0x1C,0x00,
0x40,0x00,0x00,0x00,0x1C,0x11,0x90,0x8F,0x04,0xE8,0x9C,0xC0,0x54,0x9A,0x00,0x00,0x9C,0xC0,0x1C,0x09,0x00,0x00,0x22,0x90,
0x00,0x22,0x90,0x9A,0x40,0x94,0x9A,0x00,0x22,0x9A,0x48,0xE0,0x9A,0x48,0xE0,0x3F,0x48,0xE0,0x3E,0x45,0x00,0xCF,0xA0,0x9A,
0xFC,0xF0,0x99,0x20,0x10,0x99,0x04,0x01,0x99,0x04,0x01,0xFD,0x00,0x02,0x04,0x5C,0x02,0x02,0xDA,0x99,0x02,0xBD,0x99,0x00,
0x91,0x99,0x00,0x02,0x9A,0x48,0xE0,0x3F,0x00,0x00,0x15,0x00,0xE0,0x3F,0xE0,0x99,0x4F,0xE9,0x9A,0x48,0x39,0x90,0x80,0xB9,
0x99,0x00,0x02,0x04,0x00,0x02,0x02,0xF8,0x00,0x3F,0x10,0x99,0x82,0xC1,0x9A,0x40,0x00,0x99,0x04,0x00,0x18,0x01,0x80,0x00,
0x82,0x00,0x80,0x00,0x79,0xA4,0x80,0x1E,0x90,0x00,0x02,0x10,0x00,0x00,0x55,0x09,0x1F,0xC5,0x80,0x00,0x32,0x00,0x80,0x24,
0x80,0x00,0x00,0x08,0x03,0xA0,0x8B,0x40,0x78,0x9A,0x48,0xE0,0x99,0x00,0x02,0x3D,0x48,0xE0,0x05,0x74,0xE0,0x04,0xA4,0x9A,
0x90,0x00,0x9A,0x40,0x00,0x30,0x11,0x09,0x23,0xC7,0xC9,0x90,0xE5,0x49,0xCC,0x01,0xC9,0xA0,0x00,0x23,0x4F,0xE9,0xC1,0x82,
0xC0,0x00,0x53,0x01,0x99,0x20,0x01,0x0A,0x20,0x01,0x0A,0xE0,0x01,0x0B,0x01,0x99,0x15,0x00,0x99,0x20,0xFE,0x99,0x20,0x00,
0x00,0x50,0x01,0xCF,0x00,0xC1,0xB0,0x09,0x26,0xE0,0x80,0x02,0xB0,0x02,0x18,0x02,0xC0,0x01,0x80,0x81,0x00,0x00,0x06,0xE0,
0x80,0x30,0x00,0x00,0x00,0x05,0x00,0x01,0xB0,0x12,0x00,0x00,0xE0,0x00,0x00,0x01,0x99,0x00,0x02,0x66,0xC0,0x00,0x00,0x00,
0x00,0x00,0x00,0x00,0x4F,0xB9,0x8F,0x40,0xD0,0x1C,0x00,0x41,0x15,0xFF,0x11,0x5F,0xC0,0x00,0x0F,0xD2,0x00,0x00,0x00,0x9C,
0x13,0xA0,0x8F,0x40,0x9C,0x99,0x04,0x00,0x8C,0xF8,0x01,0x7F,0x00,0x00,0xC0,0x0D,0xC0,0x00,0x00,0x00,0x90,0x00,0x04,0x13,
0x00,0x00,0x00,0x09,0x26,0xA2,0x00,0x0E,0x00,0x00,0x00,0x00,0x01,0x90,0xE0,0x00,0xA0,0x00,0x99,0x04,0xA1,0x1B,0x09,0x40,
0x99,0x04,0x00,0x41,0x00,0x03,0x07,0x20,0x00,0xA0,0x00,0x0A,0x0C,0x05,0x21,0xC0,0xE2,0x14,0xF8,0x13,0x8C,0xC4,0xB5,0x5F,
0x12,0x80,0x18,0x0C,0x01,0xB0,0x14,0x6C,0x1C,0x21,0x15,0xFC,0x00,0x8D,0x08,0x12,0x0A,0x02,0x10,0x00,0x72,0x56,0xE3,0x29,
0x30,0x00,0x00,0x30,0x10,0x09,0x04,0x40,0x06,0x00,0x00,0x00,0x00,0x00,0x00,0x23,0x00,0x00,0x00,0x00,0x49,0x04,0x06,0x00,
0xD2,0x00,0x08,0x01,0x44,0x9B,0x00,0x08,0x08,0x05,0x07,0x42,0xFF,0xC9,0xCC,0x00,0xC0,0x00,0x00,0x17,0x19,0x03,0x00,0xD5,
0x00,0x74,0x00,0x10,0x17,0xFE,0xC0,0x00,0x0C,0x00,0x15,0x3C,0x1C,0x0C,0xF2,0x99,0x10,0x09,0x9C,0xC0,0x8C,0x00,0x00,0x00,
0x8F,0x40,0x01,0x7F,0x20,0x01,0x5F,0xC0,0x01,0x5F,0xE1,0x8D,0xB0,0x04,0x1B,0x01,0x00,0x08,0x01,0x01,0x08,0x03,0x40,0x00,
0xFA,0x90,0x00,0x00,0x01,0xCF,0xFC,0x14,0x01,0xC0,0x00,0x50,0x02,0x99,0x00,0x02,0x8B,0x86,0x01,0xC0,0x1C,0x10,0x71,0x03,
0x91,0x4F,0xF0,0x6E,0x01,0xC2,0x14,0xFD,0x50,0x99,0x20,0x02,0x9C,0xC0,0x00,0x10,0x40,0x00,0x00,0x00,0x01,0x85,0xE0,0x8F,
0x00,0x01,0x99,0x00,0xE4,0x9B,0x00,0x08,0x8B,0x81,0x29,0x4F,0x0E,0x10,0x56,0x06,0x02,0x01,0xD4,0x6E,0xD0,0x21,0x99,0x00,
0x68,0x00,0x00,0x08,0x5B,0x01,0x07,0x20,0x00,0x02,0x01,0xF0,0x01,0x4F,0xC9,0x99,0x05,0x00,0x00,0x00,0xFE,0x00,0x00,0x00,
0x8F,0x40,0x01,0xCF,0x30,0x16,0xE1,0x89,0x80,0x64,0x05,0x30,0x00,0x00,0x6E,0x1C,0xB4,0x00,0x00,0x00,0x9C,0x80,0x00,0x0F,
0x40,0x00,0x00,0x00,0x02,0x69,0xA4,0x8F,0xB0,0x00,0x99,0x00,0x01,0x00,0xC0,0x41,0x8F,0x40,0x00,0x80,0x04,0x01,0x90,0xE1,
0x02,0x01,0xC0,0x99,0xA0,0x21,0x99,0x00,0x20,0x8B,0x82,0x00,0x1C,0x00,0x40,0x80,0x04,0x02,0x00,0xC1,0x02,0x00,0x62,0x99,
0x4F,0xD9,0x99,0x04,0x44,0x14,0xFF,0x01,0x9C,0xC0,0x1C,0x18,0x00,0x00,0x05,0x30,0x02,0x6C,0x00,0x9A,0x00,0x00,0x99,0x00,
0x0B,0x00,0xE0,0x00,0x00,0x00,0x00,0x1C,0xFE,0x10,0x00,0x00,0x02,0x00,0x61,0x15,0x41,0x02,0x99,0x04,0xE8,0x99,0x04,0x00,
0x9A,0x00,0x00,0x04,0xC0,0x1C,0x11,0xA4,0x01,0x5F,0xE1,0x9C,0x83,0x20,0x3B,0xE4,0x21,0x00,0x00,0x00,0x9A,0x82,0x20,0x00,
0x88,0x00,0x00,0x21,0x84,0x80,0x24,0x9A,0x4F,0xB4,0x86,0x09,0x20,0x86,0x08,0x01,0x73,0x20,0x87,0x32,0x03,0x09,0xCC,0x00,
0x80,0x00,0x00,0x08,0x4F,0xC9,0x01,0x0A,0x40,0x15,0xFE,0x11,0x14,0xFA,0x09,0x01,0x23,0x01,0xCF,0xFC,0x00,0x1E,0x84,0x30,
0x1C,0x16,0x99,0x00,0x00,0x6E,0x0A,0x00,0x1C,0x00,0x20,0x00,0xFF,0x99,0xA0,0x00,0x2A,0x00,0x0B,0x14,0xA0,0x00,0x08,0x08,
0x20,0xC0,0x20,0x19,0x00,0x55,0x10,0x81,0x15,0x00,0x00,0x00,0x00,0x64,0x19,0x08,0x07,0x9A,0x9A,0x00,0x26,0x9A,0x00,0x00,
0x9C,0xC0,0x00,0xFE,0x01,0x81,0xB7,0xFC,0x99,0x90,0x00,0x1B,0x05,0x00,0x14,0xFE,0xFE,0x01,0xE9,0x40,0x8F,0x40,0x01,0xCF,
0x00,0x29,0x90,0x00,0x49,0x03,0x81,0x1C,0x4F,0xF0,0x25,0xEE,0x00,0x14,0xFD,0x91,0x00,0x00,0x01,0x82,0x80,0x03,0x03,0x00,
0x01,0x4F,0xE4,0x8B,0x51,0x07,0x8C,0xF8,0x00,0x6C,0x02,0x10,0x00,0x00,0x00,0x00,0x00,0x02,0x5E,0x60,0x00,0x00,0x00,0x99,
0x00,0x00,0x00,0xE0,0x5C,0x8F,0x40,0x00,0x9C,0xC0,0x00,0x0D,0x00,0x00,0x1C,0x15,0x40,0x00,0x00,0x00,0x02,0x60,0x14,0xFE,
0x0E,0x99,0x00,0x02,0x6C,0x02,0x00,0x1C,0x00,0x00,0x00,0x00,0x1C,0x01,0x18,0x00,0x00,0x00,0x9C,0xC0,0x62,0x8F,0x40,0x00,
0x9C,0xC0,0x00,0x0D,0x40,0x00,0x00,0x00,0x1C,0x01,0xF2,0x8F,0x10,0x02,0x9C,0xC0,0xE4,0x00,0x00,0x00,0x14,0xFE,0x41,0x4F,
0x00,0x02,0x01,0xC0,0x00,0x1C,0x06,0x99,0x00,0x00,0x6C,0x02,0x20,0x14,0xFC,0x90,0x99,0x00,0x02,0x69,0xC0,0x01,0xCF,0xFE,
0x00,0x05,0x00,0x00,0xCF,0xFE,0x00,0x00,0xF9,0x8F,0x40,0x01,0x1C,0x00,0x21,0x4F,0xC0,0x1C,0x02,0x10,0x01,0xB0,0x00,0x9C,
0x02,0x10,0x8F,0x40,0x10,0x9C,0xC0,0x1C,0x8F,0x40,0x01,0xB0,0x00,0x02,0x6B,0x40,0x01,0x4F,0xE9,0x99,0xCF,0xFE,0x00,0xC0,
0x80,0x8F,0x40,0x01,0x99,0x00,0x00,0x1E,0x7C,0x00,0x18,0x07,0x21,0x4F,0xF9,0x6E,0x01,0x18,0x1C,0x00,0xF8,0x9C,0xC0,0x1C,
0x1B,0x01,0x81,0xB7,0x00,0x00,0x1E,0x90,0x1C,0x02,0x10,0x99,0xB0,0x38,0x9C,0xC0,0x10,0x8F,0x40,0x01,0x9C,0xC0,0x1C,0x02,
0x03,0x01,0x4F,0xE9,0x89,0xC8,0x01,0x1B,0xCF,0xFE,0x1B,0x01,0x00,0xC0,0x21,0x01,0x99,0x00,0x01,0x90,0x89,0x05,0xC0,0x04,
0x01,0x4F,0xF9,0x8B,0x90,0x00,0x8B,0x84,0xE8,0x73,0xA0,0x89,0x20,0x18,0x29,0xB3,0xFF,0xF9,0x90,0x00,0x01,0x7F,0xBC,0x5F,
0xCC,0x00,0x20,0x19,0x00,0x14,0xFD,0x29,0x01,0x0E,0x60,0x00,0xFA,0x00,0x20,0x14,0x00,0x00,0x00,0x14,0x0D,0xA2,0x00,0x00,
0x03,0x9C,0xC0,0x00,0x00,0x00,0x00,0x20,0x00,0x00,0x00,0x00,0xC0,0x00,0x00,0x00,0x61,0x60,0x01,0x00,0x06,0x99,0x00,0x01,
0x6E,0x84,0x40,0x18,0x00,0x00,0x00,0x00,0x01,0x61,0x60,0x00,0x90,0x00,0x99,0x00,0x00,0x6D,0xFC,0x09,0x16,0x17,0x00,0x00,
0xFC,0x09,0x90,0x00,0x09,0xB0,0x01,0x14,0x90,0x00,0x20,0x19,0x10,0x20,0x00,0x09,0x18,0x5C,0x06,0xE0,0x80,0x57,0x3E,0x00,
0x90,0x51,0x22,0x6E,0x00,0x00,0x73,0xE0,0x00,0x00,0x00,0x00,0x72,0x84,0x07,0x41,0xC0,0x20,0x00,0x00,0x00,0x06,0x00,0x01,
0x80,0x10,0x00,0x00,0x00,0x99,0x01,0xE6,0x01,0xC0,0x30,0x00,0x01,0xE6,0x80,0x40,0x07,0x80,0x02,0x99,0xA4,0x20,0x00,0x68,
0x00,0x14,0xFD,0x29,0x00,0x00,0x19,0xCC,0xB9,0x26,0x80,0x82,0x02,0x00,0x60,0x0F,0x00,0x0D,0x99,0x04,0x52,0x14,0xFC,0x2A,
0xC0,0x2C,0xC6,0xD8,0x00,0x17,0x68,0x44,0x50,0x81,0x15,0x08,0x10,0x02,0x68,0x0A,0xE9,0x00,0x00,0x00,0x14,0xFE,0x91,0x4F,
0x00,0x00,0x05,0x00,0x01,0xCF,0xFC,0x00,0x90,0x00,0x8F,0x40,0x42,0x99,0x00,0x01,0x6E,0x18,0x16,0xE0,0x64,0xE8,0xCE,0x94,
0x20,0x00,0x00,0x07,0x6A,0x80,0x1C,0x00,0xF9,0x99,0x00,0x02,0x90,0x38,0x01,0x4F,0xFD,0xC0,0x00,0x00,0x00,0x07,0xF8,0x17,
0x01,0xD0,0x9A,0x40,0x84,0x99,0x00,0x02,0x9C,0xC0,0x00,0x0B,0x40,0x00,0x00,0x00,0x02,0x5E,0xE0,0x8F,0x00,0x00,0x99,0x00,
0x00,0x00,0xE0,0x00,0x8F,0x40,0x00,0x00,0x00,0x02,0x67,0xE0,0x01,0x82,0x11,0x99,0x80,0x80,0x00,0xE0,0x00,0x9A,0x00,0x00,
0x02,0x12,0xA0,0x00,0x00,0x09,0x90,0x00,0x00,0x0E,0x00,0x00,0x00,0x00,0x26,0x96,0x00,0x00,0x00,0x00,0x01,0xC2,0x20,0x00,
0x00,0x09,0xCC,0x00,0x80,0x00,0x00,0x00,0x0D,0xA2,0x00,0xED,0x07,0x9C,0xC0,0x00,0x00,0x00,0x00,0x20,0x00,0x00,0x00,0x00,
0x1C,0x0D,0x02,0x00,0x10,0x0A,0x9C,0xC0,0x00,0x00,0x00,0x00,0x8F,0x40,0x00,0x00,0xC0,0x00,0x06,0x78,0x00,0x00,0x00,0x9C,
0x0C,0xF2,0x8F,0x40,0x2C,0x9C,0xC0,0x1C,0x99,0x0C,0x00,0x15,0x00,0x02,0x6A,0x20,0x00,0x00,0x00,0x99,0x00,0x00,0x00,0xE0,
0xF2,0x8F,0x40,0x00,0x9C,0xC0,0x1C,0x01,0x40,0x00,0x00,0x00,0x02,0x6B,0x60,0x8F,0x00,0x00,0x99,0x00,0xE9,0x00,0xE0,0x00,
0x00,0x00,0x01,0x4F,0xFC,0xC0,0x05,0x00,0x01,0xCF,0xFE,0x17,0x01,0xC0,0x8F,0x40,0x04,0x99,0x00,0x02,0x8B,0x83,0x01,0xC0,
0xFD,0x90,0x18,0x03,0x01,0xF7,0xC0,0x14,0x92,0x00,0x99,0x00,0x00,0x14,0xFF,0x09,0x1F,0x7C,0x00,0x00,0x00,0x01,0xF7,0xE0,
0x01,0x7F,0xBC,0x99,0x12,0xF6,0x6E,0x04,0xA0,0x9C,0xC0,0x00,0x00,0x00,0x01,0x4F,0x00,0x70,0x00,0x00,0x09,0xCC,0x00,0x02,
0x00,0x00,0x00,0x00,0x00,0x00,0xDA,0x20,0x02,0x00,0x40,0x00,0x00,0x00,0x10,0x0E,0x01,0x4F,0xE0,0x00,0x61,0x60,0x8F,0x40,
0x07,0x99,0x00,0x01,0x6E,0x84,0x40,0x18,0xFE,0x00,0x00,0x00,0x01,0x61,0x64,0x14,0x00,0x00,0x99,0x00,0x74,0x8B,0x7F,0x90,
0x99,0x00,0x01,0x61,0x00,0x01,0xF7,0xD0,0x01,0x4F,0xC9,0x99,0x05,0x00,0x00,0x00,0xFC,0x00,0x00,0x00,0x8F,0x40,0x01,0xCF,
0x00,0x49,0x90,0x00,0x49,0x03,0x81,0x1C,0x00,0x00,0x25,0xEE,0x04,0x14,0xFF,0x90,0x00,0x00,0x01,0x82,0x84,0x20,0x00,0x00,
0x09,0x90,0x00,0x02,0x0E,0x04,0x00,0x00,0x00,0x26,0xAA,0x40,0x15,0xFD,0x00,0x00,0xFB,0xC0,0x00,0x00,0x40,0x29,0x03,0x17,
0x00,0x00,0x14,0xFA,0x00,0x15,0xFC,0x00,0x01,0x03,0x50,0x00,0x00,0x02,0x67,0xE4,0x41,0x82,0x11,0x99,0x80,0x58,0x00,0xE0,
0x84,0x9A,0x00,0x00,0x99,0x00,0x02,0x69,0xE0,0x41,0x4F,0xD0,0x00,0x18,0x27,0x00,0x00,0x00,0x00,0x00,0x23,0x14,0xFC,0x40,
0x6E,0x0A,0x00,0x1C,0x00,0x00,0x00,0x00,0x01,0x90,0x85,0x00,0x1E,0x84,0x99,0x00,0xE1,0x99,0x00,0x00,0x6E,0x0A,0x86,0xE7,
0x11,0x20,0x00,0x00,0x09,0xA0,0x00,0x05,0xA0,0x00,0x00,0x00,0x00,0x00,0x79,0x99,0x06,0x41,0xA9,0xCC,0xE2,0x61,0xB0,0x18,
0x00,0x05,0x51,0x0F,0x03,0xA2,0x9A,0x00,0x80,0xA0,0x00,0xBC,0x9A,0x00,0x00,0x80,0x10,0x00,0x81,0x30,0x00,0x00,0x00,0x08,
0x90,0x04,0x8F,0x40,0x03,0x99,0x00,0x01,0x6E,0x22,0x00,0x1C,0x00,0x00,0x00,0x00,0x01,0x90,0x02,0x00,0x06,0x96,0x99,0x20,
0x00,0x9C,0xC0,0x00,0x8F,0x40,0x00,0x00,0x00,0x01,0x90,0x04,0x00,0x1C,0x0A,0x99,0x00,0x00,0x6E,0x06,0xA2,0x14,0xFE,0x90,
0x9C,0xC0,0x00,0x0D,0x00,0x00,0x20,0x04,0x90,0x00,0x00,0x00,0x0D,0x02,0x14,0xFE,0x00,0x9C,0x80,0x1C,0x1C,0xFF,0xC0,0x05,
0x40,0x01,0xCF,0xFC,0x29,0x90,0x00,0x8F,0x4F,0xD9,0x1C,0x00,0x00,0x1F,0x7E,0x01,0x14,0xFF,0x09,0xCC,0x75,0x40,0x00,0x00,
0x06,0xE0,0x40,0x00,0xF7,0xE0,0x14,0xFE,0x00,0x99,0x00,0x01,0x6E,0x04,0x17,0x3E,0x10,0x51,0x4F,0xC9,0x09,0xA4,0x40,0x05,
0x90,0x00,0x00,0x00,0x00,0x00,0x00,0x09,0x01,0x3D,0x00,0x05,0x40,0x01,0xCF,0xFE,0x21,0x4F,0xD8,0x8F,0x00,0x01,0x1C,0x00,
0xFE,0x9D,0x80,0x00,0x14,0xFC,0x81,0xCF,0x70,0x09,0x90,0x00,0x08,0xB6,0x10,0x00,0xA4,0x80,0x18,0xFE,0xF9,0x1C,0x00,0x69,
0x10,0x00,0x01,0x4F,0x00,0x01,0x0F,0x98,0x01,0x8F,0xF0,0x99,0x4F,0x6A,0x99,0x00,0xC0,0x9C,0xC0,0x00,0x00,0x00,0x06,0xE0,
0x00,0x3C,0x04,0xE3,0x00,0x00,0x00,0x9C,0xFF,0xF8,0x00,0x00,0x00,0x9A,0x40,0x00,0x55,0x20,0x09,0x90,0x72,0x00,0x20,0x1B,
0x00,0x00,0x00,0x18,0x90,0xC0,0x17,0xF9,0x00,0x1B,0x02,0x19,0x01,0x60,0x09,0xCC,0x74,0xC1,0xB0,0x00,0x01,0x7F,0x81,0x0F,
0x34,0x00,0x10,0x00,0x81,0x7C,0x00,0x86,0x99,0x0C,0x00,0x18,0x0C,0x00,0xCF,0xAC,0x01,0x87,0x80,0x99,0x87,0x61,0x99,0x00,
0x00,0x99,0x00,0x01,0x7C,0x00,0x88,0xB2,0x30,0x06,0xC6,0x08,0x1C,0x16,0xF0,0x59,0x00,0x00,0x9C,0xC0,0x20,0x8C,0xF8,0x00,
0x99,0x00,0x00,0x89,0x04,0x60,0x00,0x00,0x09,0x90,0xC0,0x02,0xB0,0x21,0x00,0x00,0x4C,0x01,0x64,0x01,0x9C,0xC0,0x00,0xF7,
0x00,0x01,0x00,0x00,0x00,0x18,0x41,0x1B,0xB0,0x00,0x99,0x0C,0x21,0x8F,0x00,0x21,0x10,0x01,0x01,0xB0,0xC0,0x00,0xF7,0x4C,
0x00,0x16,0x80,0x9C,0x90,0xC0,0x99,0x0C,0x82,0x10,0x00,0x09,0x01,0x6C,0x18,0xF0,0x00,0x01,0x00,0x10,0x01,0xB0,0x21,0x1B,
0xF7,0x4C,0x8F,0x40,0x00,0x9C,0xC0,0x00,0x99,0x0C,0x00,0x17,0x00,0x01,0x85,0xE0,0x11,0x00,0x01,0x99,0x17,0x40,0x8D,0x03,
0x08,0x99,0x0C,0x00,0x01,0xC1,0x67,0xC2,0x01,0x01,0xB0,0x00,0x00,0x17,0x80,0x10,0xF7,0x4C,0x99,0x0C,0x21,0x9C,0xC0,0x00,
0x8F,0x40,0x01,0xB0,0x0C,0x00,0x17,0xC4,0x81,0x00,0x01,0x99,0xB0,0x00,0x86,0xD0,0x21,0x8F,0x00,0x21,0x17,0xF5,0x01,0xB0,
0xC0,0x00,0xF7,0x4C,0x00,0x17,0x80,0x9C,0x00,0x10,0x99,0x0C,0x00,0x17,0xF4,0x01,0x00,0x00,0x09,0x90,0x88,0x00,0x0E,0x00,
0x00,0x7E,0x40,0x27,0x00,0x00,0x9A,0x00,0x20,0x8F,0x40,0x00,0x99,0x20,0x00,0x89,0x00,0x09,0x90,0x40,0x09,0x90,0x40,0x00,
0xCC,0x00,0x20,0x0A,0x00,0x18,0x71,0x09,0x00,0xEE,0x40,0x00,0xC0,0x00,0x11,0x6C,0x00,0x00,0x00,0x9C,0x0F,0x4C,0x8F,0x40,
0x07,0x9C,0xC0,0x00,0x00,0x00,0x00,0x18,0x00,0x00,0x00,0x00,0x1C,0x08,0x9A,0x00,0x10,0x6D,0x9C,0xC0,0x00,0x00,0x00,0x00,
0x8F,0x40,0x00,0x00,0xC0,0x1C,0x08,0x6A,0x00,0x00,0x00,0x9C,0x78,0xC1,0x8F,0x40,0xA2,0x99,0x00,0x02,0x99,0x04,0x02,0x00,
0x04,0x02,0x00,0xC3,0x05,0xB0,0x08,0x99,0x90,0x40,0x8D,0x21,0x00,0x00,0xE0,0x19,0x20,0x06,0x19,0xA0,0xE4,0x00,0x1C,0x19,
0x00,0x00,0x00,0x07,0x31,0xE0,0x00,0x00,0x00,0x99,0x10,0x00,0x02,0x00,0x60,0x00,0x00,0x09,0xCC,0x01,0xA0,0x00,0x00,0x00,
0x00,0x00,0xC1,0xA2,0x60,0x01,0x00,0xF0,0x99,0x00,0x01,0x91,0x00,0x60,0x00,0x00,0x09,0xCC,0x00,0x02,0x00,0x00,0x00,0x00,
0x00,0x01,0x80,0x60,0x01,0x00,0x50,0x00,0xC0,0x00,0x07,0xBA,0x00,0x00,0x00,0x9C,0xB8,0x60,0x8F,0x40,0xE1,0x99,0x04,0x02,
0x99,0x04,0x02,0xAC,0x30,0x08,0xB8,0x00,0x17,0x3E,0x00,0x30,0x74,0x2B,0x08,0x02,0x00,0x6E,0x00,0x90,0x1B,0x02,0x11,0xB0,
0xC0,0x00,0xF7,0x4C,0x00,0x18,0x00,0x9C,0xFF,0x00,0x99,0x0C,0x01,0x9A,0x40,0x01,0x85,0x48,0x01,0x00,0x00,0x21,0xB0,0x00,
0x01,0xB0,0x21,0x8F,0x18,0x81,0x88,0xD0,0x04,0x99,0x0C,0x00,0x7C,0x00,0x81,0x81,0x40,0x01,0x4F,0xD4,0x00,0xF7,0x4C,0x8F,
0x16,0x00,0x9C,0xC0,0x00,0x99,0x0C,0x00,0x8D,0x20,0x01,0x00,0xF8,0x17,0xC0,0x08,0x00,0x00,0x00,0x17,0x18,0x81,0x88,0xD0,
0x44,0x99,0x0C,0x00,0x99,0x00,0x02,0x78,0x04,0x02,0x00,0xA1,0x02,0x00,0xC2,0x99,0x0E,0x04,0x99,0x04,0xE0,0x8F,0x00,0x20,
0x99,0x04,0x02,0x00,0x98,0x01,0x4F,0xC1,0x02,0x75,0x00,0x86,0x00,0x00,0x99,0x00,0x00,0x00,0xE0,0x00,0x8F,0x40,0x00,0x00,
0xC0,0x1C,0x08,0x9A,0x01,0x4F,0xE9,0x9C,0x06,0x00,0x00,0x00,0x00,0x1C,0xFF,0xA0,0x9D,0x80,0x00,0x00,0x58,0x00,0x00,0x00,
0x82,0x39,0x09,0x00,0x39,0x1A,0x1C,0x02,0x40,0x15,0xFF,0x12,0x0A,0x02,0x19,0x90,0x06,0x30,0x80,0x20,0x02,0x00,0x24,0x20,
0x00,0x45,0x99,0x04,0x46,0x99,0x04,0x02,0x9C,0x40,0x1C,0x07,0xFD,0x91,0x5F,0xB3,0x93,0x01,0x22,0x14,0x81,0x21,0x20,0x02,
0x00,0x8B,0x80,0x40,0x8B,0x80,0x25,0xB0,0xE0,0x97,0x3E,0x00,0x00,0x00,0x04,0x73,0x05,0x15,0x9A,0x50,0x03,0xA0,0x00,0xDC,
0x8C,0xE0,0x21,0x88,0x20,0x21,0x8D,0x85,0x00,0xE0,0x85,0x02,0x00,0x8C,0x00,0x00,0xA6,0x02,0x40,0x32,0x00,0x00,0x00,0xE0,
0xC5,0x10,0x1C,0x02,0xD0,0x00,0x00,0x7C,0xE1,0x75,0x20,0x0A,0x21,0x57,0x06,0xD0,0x1B,0x2A,0x23,0x02,0x00,0x2E,0x7E,0x71,
0x2D,0x4F,0x73,0x8E,0x4F,0x53,0x8A,0x03,0x92,0x8B,0x09,0x41,0x17,0xF3,0xC1,0x5F,0xF1,0x00,0x18,0x15,0x11,0x88,0x20,0x15,
0xE0,0x02,0x18,0xC6,0xF6,0x08,0x02,0x18,0xD4,0xEF,0x08,0xB7,0xEB,0x11,0x4E,0xD0,0x00,0xFB,0x92,0x15,0x4F,0x42,0x9C,0xC0,
0xC1,0x8A,0x00,0x25,0x14,0xF6,0x21,0x4E,0x59,0x45,0xB0,0x02,0x05,0x5E,0xA1,0x8B,0x88,0x20,0x8A,0x09,0x43,0x14,0xEE,0x01,
0x17,0xF2,0xC1,0x88,0x84,0x06,0xE9,0x81,0x50,0xC1,0x30,0x6D,0x5F,0xE0,0x01,0x9E,0x02,0x00,0x00,0x01,0x27,0xE3,0x10,0xA0,
0xF0,0x02,0x1C,0x43,0x11,0xB0,0x30,0x15,0x80,0x62,0x15,0xF7,0x12,0x1B,0x01,0x10,0x9C,0xC0,0x1C,0x09,0xA0,0x21,0x5F,0xE1,
0x00,0xA0,0x21,0x2F,0x27,0x3A,0x00,0x00,0x04,0x00,0x00,0x02,0x08,0x04,0x06,0xE8,0x80,0xA1,0x5F,0x00,0x02,0x27,0x22,0x01,
0x5F,0xA1,0x00,0x00,0x39,0x08,0x04,0x21,0x1B,0x03,0x01,0xB0,0x10,0x09,0xCC,0x01,0x22,0xF8,0x12,0x20,0xB0,0x00,0xC0,0x91,
0x02,0x15,0xF0,0x01,0x23,0x40,0xB1,0x4D,0x71,0x01,0x5F,0x62,0x11,0x4C,0x10,0x23,0x4F,0x50,0x2F,0x81,0x10,0x14,0xF7,0x21,
0x15,0xF3,0x31,0x5F,0x40,0x01,0x5E,0xF1,0x3C,0x07,0x24,0x8F,0x00,0x00,0x9C,0x40,0x00,0x00,0x00,0x00,0x8F,0x9F,0x45,0x5F,
0x9F,0x01,0x4F,0x60,0x99,0xA4,0xFF,0x8F,0xE9,0x01,0x0A,0x90,0x08,0xFF,0xAC,0x01,0x08,0x03,0x02,0x03,0x10,0x11,0x81,0x19,
0x40,0x89,0x00,0x0A,0x04,0x21,0x0A,0x80,0xB2,0x22,0x81,0x32,0x15,0xED,0x31,0x5E,0xC0,0x1C,0x0A,0xA8,0x02,0x0D,0x92,0x9C,
0x5E,0xC0,0x8F,0x40,0x08,0x8F,0x9F,0x01,0x1A,0x4F,0x12,0x03,0x10,0x10,0xA8,0x02,0x02,0x17,0x03,0x0A,0x5E,0xD3,0x08,0x90,
0xA8,0x20,0xC2,0x11,0x9C,0xC0,0x1C,0x0A,0x40,0x02,0x12,0x42,0x61,0x5E,0xC0,0x8F,0x66,0x12,0x8F,0x9D,0x42,0x2F,0x60,0x92,
0x08,0x14,0x00,0x88,0xED,0x21,0x4E,0x92,0x09,0xCC,0x00,0x15,0xB0,0x30,0x14,0xE7,0xC0,0x0F,0xE2,0x61,0x8F,0x85,0xA9,0x5E,
0x9F,0x01,0x4E,0x82,0x86,0x16,0x12,0x8F,0xA1,0x40,0x8F,0x9C,0x43,0x08,0xA4,0x00,0x0A,0x84,0x10,0x89,0x95,0x32,0x14,0x00,
0x11,0x5E,0xD3,0x20,0x09,0xEC,0x14,0xE6,0xC1,0x9C,0xC0,0x1C,0x21,0x63,0x11,0x5E,0x04,0x00,0x1E,0xC0,0x20,0x80,0x40,0x99,
0x1D,0x5D,0x27,0xD3,0xF4,0x6E,0x14,0x10,0x08,0x00,0x28,0xB9,0xED,0x21,0x80,0x18,0x00,0x1F,0xE2,0x14,0x5F,0x23,0x99,0x00,
0x42,0x8B,0x82,0x45,0x15,0xFE,0x19,0x07,0x10,0x41,0xB0,0x00,0xA3,0x04,0x01,0xA0,0xC2,0xC9,0x1B,0x00,0x00,0x08,0x06,0x36,
0x01,0xD0,0x40,0x00,0x40,0x00,0x00,0x00,0x00,0x1F,0xE3,0x8F,0x07,0xBD,0x99,0x20,0xA9,0x9A,0x00,0x00,0x9A,0x40,0x00,0x0A,
0x00,0x7C,0x05,0xF2,0x0D,0xB7,0xFC,0xA0,0x82,0x96,0x85,0x00,0x85,0x18,0x2B,0x71,0x08,0x1E,0x60,0x83,0x0E,0xA4,0x81,0x66,
0xBC,0x80,0xE5,0x8B,0x38,0x52,0x8C,0x36,0x99,0x6E,0x82,0xF7,0x05,0xB0,0x67,0x38,0x00,0x03,0x01,0xC5,0x85,0x26,0x05,0x00,
0x01,0xB5,0x76,0x26,0xA5,0x65,0x22,0xD3,0x00,0x00,0x03,0x01,0x82,0xE0,0x1A,0x03,0x00,0x00,0x00,0x6E,0x01,0xB5,0x00,0x00,
0xB6,0x6D,0x12,0xD3,0x8A,0x10,0x58,0x83,0x02,0xE6,0xD8,0x40,0x39,0xB0,0x0C,0x72,0x08,0x00,0x73,0x2F,0x78,0x00,0x00,0x69,
0x9B,0x7F,0xA1,0x5E,0xE9,0x26,0x50,0x5A,0x10,0x19,0x0B,0x15,0x92,0x00,0x6E,0x85,0x00,0x18,0x05,0x99,0x02,0x00,0x01,0xE9,
0x00,0x06,0xE7,0xC1,0x39,0x90,0x00,0x08,0x00,0x00,0x01,0x90,0x01,0x01,0xFB,0x00,0x99,0x20,0x00,0x20,0x00,0xD0,0x00,0x01,
0xC1,0x4E,0xC0,0x9B,0x18,0x08,0x02,0x40,0xD0,0x00,0x00,0x00,0x99,0x00,0x00,0x1F,0x00,0x00,0x10,0x06,0x00,0x1F,0xE1,0x00,
0x80,0x18,0x99,0x20,0x92,0x14,0xE7,0x01,0x15,0xFE,0x11,0x5E,0xC7,0xE9,0x90,0xC0,0x88,0xF9,0xDE,0x01,0xE8,0x00,0x01,0x8C,
0x21,0x6F,0x60,0x81,0x08,0x00,0x28,0xD9,0x92,0x09,0xA4,0x00,0x08,0xD9,0x84,0x8A,0x4C,0x9D,0x02,0x0C,0x25,0x95,0xE5,0x08,
0x20,0x11,0x00,0xE0,0x30,0x21,0x5E,0x30,0x29,0xA4,0x40,0x8F,0xA4,0x1F,0x18,0xC8,0x04,0x00,0x00,0x89,0xFF,0xFF,0x98,0xB4,
0xED,0x16,0xC2,0x88,0x01,0x4E,0x10,0x15,0xFC,0x04,0x6C,0x81,0x00,0x9C,0xC0,0x00,0x84,0x01,0x04,0x00,0x82,0x89,0x5E,0xC0,
0xA1,0x4E,0x02,0x8F,0x5E,0x21,0x8F,0x9F,0xFB,0x15,0xE6,0x91,0x9A,0x43,0xFF,0xFF,0x22,0x19,0x40,0x00,0xA1,0xE9,0x02,0x20,
0xDA,0x22,0x12,0xA0,0x22,0x08,0x04,0x18,0x9B,0x00,0x18,0xC0,0x82,0x28,0xB4,0xB2,0x88,0xDA,0x22,0x48,0x90,0xC0,0x67,0xB0,
0x15,0x50,0x02,0x49,0x01,0x8C,0xA8,0xD9,0xE1,0x19,0xA4,0x00,0x28,0xD9,0x94,0x95,0x4C,0x9D,0x02,0x0C,0xA2,0x95,0xDF,0x08,
0x55,0xED,0x21,0x8C,0x80,0x50,0xE0,0x05,0x81,0x8C,0x80,0x8D,0x00,0x0A,0x7C,0xC0,0xF9,0x9A,0x44,0x00,0x9A,0x41,0xFF,0xFF,
0x01,0x26,0xC2,0x08,0x21,0x4D,0xD2,0x6D,0xFC,0x04,0x6C,0x80,0x00,0x9C,0xC0,0x00,0x84,0x01,0x44,0x00,0xA0,0x11,0x5D,0xE1,
0x20,0x83,0x32,0x8B,0xC2,0x84,0x14,0xDC,0x05,0x1B,0x00,0x28,0x48,0x22,0x28,0xBA,0xEC,0x06,0xE8,0x13,0x48,0x80,0x01,0x95,
0x38,0x10,0x8C,0xF8,0x20,0x73,0x85,0x97,0x06,0x40,0xA1,0x5E,
};

const uint8_t cs40l50_fw_block_40[] = {
0x02,0x26,0xC2,0x50,0x40,0x00,0x00,0x08,0x5E,0x40,0x01,0x80,0x03,0x00,0x00,0x01,0x01,0x00,0x53,0x06,0x00,0x33,0x01,0x03,
0x03,0x02,0x03,0x01,0xFF,0xFC,0x8F,0x40,0x49,0x9A,0x43,0xFF,0x8B,0x4C,0x71,0xA0,0xA4,0x25,0x5E,0x02,0x31,0x5E,0x68,0x8D,
0x02,0x41,0x85,0x01,0x32,0x8D,0xE3,0x4B,0x8D,0x80,0x48,0x89,0xC1,0xD1,0xE8,0x22,0x28,0xDA,0x22,0x84,0x80,0x52,0x18,0xC8,
0x21,0x95,0xE8,0x00,0x90,0x40,0x0A,0x7E,0x03,0x01,0x5E,0x80,0x80,0x80,0x02,0x08,0xE1,0x80,0x1B,0x00,0x10,0x6D,0x01,0x06,
0x01,0xC0,0x40,0x80,0x00,0x01,0x5F,0x01,0x00,0x80,0x30,0x00,0xA1,0x08,0x1B,0x00,0x00,0x00,0x00,0x00,0x00,0x00,0x01,0xE8,
0x00,0x01,0x4B,0xF0,0x00,0x21,0x57,0x08,0x00,0x00,0x18,0x30,0xE0,0x00,0x00,0x00,0x99,0x00,0x00,0x1F,0x04,0x00,0x18,0x0B,
0x00,0x00,0x00,0x6E,0x1C,0x19,0x00,0x00,0x00,0x6E,0x0C,0x00,0x00,0x00,0x00,0x00,0xC0,0x1C,0x02,0x10,0x80,0x10,0x14,0x9C,
0x1F,0xE0,0x1B,0x03,0xC0,0x99,0x20,0x00,0x99,0x00,0x00,0x1F,0xBB,0x02,0xF7,0x09,0x03,0x01,0x30,0x14,0x4B,0xA0,0x1B,0x00,
0x3A,0x2F,0x61,0x81,0x14,0xB7,0x01,0xB0,0x00,0x02,0x5D,0x60,0x03,0x01,0x21,0x99,0xB0,0x29,0x90,0x38,0xE2,0x30,0x11,0x11,
0x99,0x20,0x00,0x1F,0x00,0x09,0x90,0x00,0x00,0x20,0x11,0x00,0x00,0x00,0x02,0x00,0xA0,0x00,0x00,0x00,0x99,0x00,0x00,0x1F,
0xBB,0x02,0xF7,0x09,0x03,0x01,0x30,0x14,0x4B,0xA0,0x1B,0x00,0x32,0x2F,0x61,0x81,0x14,0xB7,0x01,0xB0,0x00,0x02,0x5D,0x60,
0x03,0x01,0x21,0x99,0x80,0x41,0x90,0x38,0xC0,0x30,0x11,0x11,0x99,0x04,0x00,0x1E,0x00,0x00,0x80,0x00,0x00,0x18,0x17,0x00,
0x00,0x00,0x6E,0x7C,0x31,0x00,0x00,0x00,0x15,0xFA,0x11,0xB0,0xC0,0x00,0xFE,0x34,0x01,0xB0,0x00,0x9C,0x13,0x80,0x8F,0x40,
0x02,0x99,0x04,0x00,0x99,0x00,0x02,0x5F,0x38,0x0B,0x04,0x00,0x09,0xA4,0x0A,0x90,0x5F,0x80,0x18,0x01,0x00,0xAA,0xAC,0x01,
0x14,0xFC,0x90,0x80,0x40,0x00,0x05,0x00,0x01,0xCF,0xD8,0x8F,0x13,0x81,0x8B,0x80,0x22,0x99,0x04,0x00,0x18,0x23,0x00,0x80,
0xFD,0x28,0xBA,0x05,0x20,0x1C,0x0C,0x6D,0xA0,0x2C,0x08,0x53,0x00,0x1B,0x04,0x00,0x18,0x21,0x10,0x00,0x33,0x00,0x00,0x00,
0x11,0x4B,0xE0,0x08,0x82,0x20,0x0A,0x02,0x10,0x09,0x63,0x01,0x09,0x02,0x23,0x02,0xC1,0x20,0x00,0x00,0x06,0xEA,0x00,0x14,
0x00,0x00,0x08,0x00,0x00,0x01,0x80,0x50,0x00,0x00,0x01,0x4C,0x40,0x09,0x5E,0xA2,0x01,0x5E,0xA2,0x90,0x00,0x00,0x30,0x51,
0x80,0x15,0xED,0x20,0x99,0x04,0x00,0x13,0x00,0x02,0x5C,0x20,0x20,0xA1,0x40,0x99,0x80,0x41,0x20,0x10,0x02,0x90,0x38,0x00,
0x9A,0x40,0x80,0x00,0x00,0x00,0x05,0x79,0x11,0x5E,0xE0,0x9A,0x81,0x02,0x15,0xFE,0x21,0x0A,0x02,0x10,0x22,0x73,0x10,0x81,
0x80,0x21,0x4F,0x40,0x00,0x80,0x21,0x8D,0x5E,0xC2,0x8B,0x61,0x01,0x8B,0xA6,0x01,0x15,0xEF,0x09,0xC0,0x56,0xA8,0xD8,0x15,
0x00,0xE1,0x54,0xC0,0x5F,0xE0,0x14,0xF5,0x00,0x01,0x00,0x61,0x15,0xF9,0x29,0xCC,0x17,0x40,0x00,0x00,0x00,0x00,0x00,0x01,
0xE8,0x05,0x15,0xFE,0xC9,0x30,0x20,0x06,0x01,0x91,0x41,0x4F,0x20,0x01,0x5F,0xA0,0x0A,0x00,0x0D,0x8D,0x5F,0x81,0x00,0x00,
0xA1,0xC0,0x76,0x21,0x99,0x00,0x01,0x86,0x20,0x86,0xE8,0x05,0x30,0x00,0x00,0x6D,0xD4,0x00,0x01,0xD0,0x01,0x00,0x00,0x08,
0x1B,0x00,0x00,0x80,0x84,0x10,0x81,0x11,0x00,0x80,0x30,0x76,0xCF,0xD8,0x00,0x00,0xF9,0x00,0x50,0x01,0x1C,0x00,0x21,0x4F,
0xC0,0x00,0x14,0xFC,0x00,0x00,0x00,0x9C,0x66,0x00,0x8F,0x40,0x0E,0x99,0x00,0x02,0x00,0xE0,0x09,0xA4,0xCA,0x21,0xB0,0x29,
0x02,0x66,0x00,0x03,0xA4,0x0E,0x99,0x00,0x69,0x00,0xE0,0x09,0x03,0xC3,0x21,0xB0,0x00,0x02,0x66,0x00,0x09,0xA4,0x0E,0x99,
0xB0,0x19,0x00,0xE0,0x00,0x03,0xD0,0x21,0x99,0x00,0x02,0x66,0xFE,0x99,0x03,0x00,0x99,0xA4,0x0E,0x14,0xCF,0xFE,0x1B,0x03,
0xD9,0x00,0x20,0x21,0x1C,0x00,0x21,0x4F,0xFF,0x29,0xCC,0x01,0xE0,0x00,0x00,0x14,0x76,0x02,0xC0,0x24,0x00,0x99,0x00,0x02,
0x14,0xFC,0x99,0x03,0xFE,0x19,0x90,0x40,0x01,0xCF,0xFE,0x94,0xC0,0x02,0x04,0x1A,0xF9,0x02,0x50,0x61,0x00,0x00,0x01,0x4F,
0xC0,0x1C,0x02,0x4E,0x01,0x4F,0xE9,0x9C,0x05,0x00,0x00,0x00,0xFE,0x1B,0x00,0x00,0x8F,0x40,0x01,0xCF,0x29,0x00,0x18,0x07,
0x41,0x4F,0xF2,0x6E,0xCC,0x00,0x1C,0x00,0x00,0x14,0xFD,0x99,0x01,0x43,0x00,0x00,0x00,0x71,0x4F,0xE1,0x99,0xCC,0x01,0x01,
0x00,0x00,0x14,0xFD,0x00,0xC0,0xD0,0x20,0x14,0xFE,0x11,0xB0,0x1C,0x80,0x1C,0x08,0x00,0x00,0x00,0x6E,0xCC,0x01,0x00,0x00,
0x00,0x14,0xFB,0x09,0xC0,0x95,0x49,0xA0,0x29,0x01,0x4F,0xE1,0x06,0xE3,0x08,0x02,0x4F,0xC9,0x14,0xFA,0xF9,0x01,0xC0,0x81,
0x00,0x00,0x01,0x4F,0xFD,0x09,0xCC,0x01,0x60,0x00,0x00,0x14,0x4F,0xC0,0xC1,0x98,0xFC,0x14,0xFE,0x91,0x00,0x50,0x01,0xCF,
0x00,0x20,0x04,0x00,0x00,0x00,0x00,0x9B,0xA0,0x00,0x02,0x81,0xC4,0x00,0x00,0x00,0x99,0x00,0x02,0x01,0xC0,0x09,0x0A,0x01,
0x00,0x00,0x00,0x21,0x10,0x0A,0x0A,0x00,0x40,0x30,0x41,0x00,0x99,0x20,0x01,0x61,0x40,0x00,0x10,0x06,0x01,0x61,0x41,0x8F,
0x0D,0xB0,0x99,0x20,0x00,0x9C,0x80,0x00,0x8F,0x40,0x00,0x00,0x20,0x00,0x05,0x00,0x00,0x00,0x00,0x8D,0x04,0x00,0x8F,0x40,
0x00,0x9B,0x00,0x20,0x02,0x80,0x60,0x00,0x00,0x09,0xB3,0xE0,0xF0,0x05,0x00,0x00,0x00,0x00,0x7F,0xBF,0xD6,0x8B,0xD4,0x00,
0x9C,0x80,0x00,0x0D,0x40,0x00,0x00,0x00,0x21,0x4F,0xF9,0x8F,0x04,0xEA,0x1C,0x00,0xE9,0x9C,0xC0,0x1C,0x00,0x00,0x01,0x4F,
0x00,0x00,0x05,0x00,0x81,0xCF,0xFE,0x1B,0x90,0x80,0x8C,0x81,0x84,0x99,0x00,0x01,0x99,0x00,0x00,0x1E,0x08,0x06,0xE0,0xA1,
0xA1,0xC0,0x02,0x6E,0x4F,0xF9,0x07,0x10,0x01,0x00,0x00,0x01,0x15,0xFD,0x09,0xCC,0x4E,0xA9,0xA0,0x00,0x01,0x5F,0xC0,0xC0,
0x4F,0xE9,0x02,0x29,0x0A,0x8F,0x40,0x01,0x9C,0x80,0x00,0x0E,0x40,0x01,0xCF,0xFE,0x01,0x86,0xA0,0x8F,0x18,0x07,0x99,0x00,
0x00,0x6E,0x80,0x40,0x00,0x00,0x00,0x00,0x91,0x89,0xA4,0x3F,0x89,0x01,0x40,0x23,0x00,0x00,0xFF,0xFF,0x00,0x08,0x01,0x00,
0x00,0x50,0x00,0x00,0x30,0x08,0xB8,0x60,0x48,0xB8,0x70,0x30,0x71,0x03,0x1C,0x00,0xF0,0x54,0xFB,0x90,0x15,0xFD,0x01,0x4F,
0x01,0x03,0x03,0x10,0x00,0x0A,0xB0,0x1B,0x5F,0xC0,0x9C,0xC0,0xE4,0x00,0x00,0x01,0x14,0xFA,0x91,0x4F,0x14,0x03,0x03,0x14,
0x01,0xCF,0xFC,0x90,0x4F,0xF9,0x8F,0x40,0x00,0x1C,0x00,0x21,0x1B,0x02,0xB9,0xA0,0x6D,0x09,0xA0,0x00,0x19,0xA0,0x00,0x00,
0xCC,0x00,0x02,0xB8,0x06,0x07,0x6E,0x29,0x0F,0x40,0x48,0x50,0x05,0xA0,0x20,0x05,0x00,0x00,0x00,0x5B,0xE3,0xC4,0x75,0x00,
0x00,0x9C,0xC0,0x00,0x8F,0x40,0x00,0x00,0x00,0x00,0x2B,0x80,0x09,0xCC,0x00,0x9A,0xB0,0x59,0x74,0x80,0x00,0x0F,0x45,0x61,
0x02,0x00,0xA7,0x50,0x00,0x09,0xCC,0x00,0x40,0x00,0x00,0x00,0xB0,0x29,0x0E,0x3C,0x06,0x8D,0x20,0x01,0x8F,0x40,0x00,0x10,
0x00,0x00,0x76,0xE0,0x00,0x76,0xE0,0x9A,0xB0,0x29,0x9A,0x00,0x8E,0x8D,0x20,0x01,0x9C,0xC0,0x00,0xF4,0x00,0x00,0x20,0x04,
0x01,0x4F,0xE9,0x00,0xC8,0x00,0x8D,0x40,0xFE,0x00,0x00,0x09,0x0E,0x3C,0x41,0xCF,0x50,0x01,0xCF,0xFE,0x41,0x4F,0xF9,0x00,
0x0F,0x1C,0x1C,0x00,0x00,0x9C,0xC0,0x00,0x8F,0x40,0x00,0x00,0x40,0x00,0x04,0x01,0x00,0xF2,0x40,0x9A,0x5F,0xD0,0x9C,0xC0,
0x01,0x1B,0x00,0x81,0x9A,0x40,0x00,0x04,0xC0,0x00,0xF2,0x40,0x01,0x5F,0xB0,0x9C,0x04,0x01,0x1B,0x01,0x40,0x9A,0x40,0x00,
0x9C,0xC0,0x00,0xF2,0x01,0x81,0x5F,0xA4,0xD2,0x00,0x89,0x1B,0x00,0x84,0x20,0x00,0xA2,0x99,0x04,0x02,0x99,0x04,0x02,0x00,
0x04,0x02,0x00,0xC3,0x61,0x4F,0xE9,0x99,0x08,0x97,0x15,0xFC,0x00,0xA0,0x00,0xDC,0x20,0x0C,0x80,0x83,0x19,0x00,0x00,0x00,
0x10,0x81,0x51,0x08,0x83,0xA2,0x08,0x32,0x00,0x00,0x00,0x00,0x08,0x17,0x20,0x00,0x50,0x01,0xCF,0xFC,0x41,0x4F,0xF9,0x00,
0x0F,0x3A,0x1C,0x00,0x01,0x9C,0xC0,0x00,0x00,0x00,0x01,0xB0,0xC0,0x00,0xF2,0x40,0x81,0x5F,0xD0,0x9C,0xCC,0x00,0x1B,0x00,
0x10,0x1B,0x00,0x19,0x0F,0x24,0x01,0xB0,0xFB,0x01,0xB0,0x01,0x00,0xF2,0x40,0x15,0xB0,0x18,0x9C,0xC0,0x01,0x8F,0x40,0x01,
0x99,0x04,0x02,0x01,0x04,0x02,0x01,0x24,0x02,0x01,0x42,0x99,0x4F,0xE9,0x99,0x04,0x0D,0x15,0xFC,0x31,0x18,0x21,0x5A,0x00,
0x8C,0x21,0x5F,0xA0,0x00,0x83,0x70,0xC0,0x81,0x81,0x08,0x12,0x00,0x00,0x00,0x00,0x08,0x31,0x10,0x00,0x14,0x20,0x83,0xB2,
0x00,0x05,0x00,0x08,0xCF,0xFC,0x00,0x00,0xE4,0x8F,0x40,0x01,0x1C,0x00,0x69,0xB3,0xFF,0xF1,0x4F,0x50,0x4A,0x00,0x00,0x5F,
0x5D,0x60,0x9B,0x00,0x10,0x99,0x00,0x02,0x14,0xFF,0x92,0xFE,0x38,0x01,0xB0,0x12,0x11,0xB0,0x31,0x90,0x00,0x00,0x14,0xF7,
0xFA,0x14,0xFE,0x90,0x00,0x50,0x01,0xCF,0x05,0x1C,0x08,0xDF,0x00,0x19,0x8C,0xA0,0xB5,0x80,0x9A,0x00,0x10,0x09,0x28,0x00,
0x00,0x00,0x00,0x80,0x50,0x00,0x00,0x00,0x11,0xB0,0x34,0x00,0xC0,0x06,0x8D,0x17,0x79,0x8D,0x90,0x99,0x87,0xC1,0xC1,0x4F,
0xFF,0x01,0x5F,0xD3,0x21,0x5F,0x90,0x14,0x90,0xC0,0x15,0xFB,0x09,0x00,0x00,0x09,0x02,0x04,0x17,0xB2,0x80,0x89,0xCC,0x01,
0x41,0x81,0x00,0x7A,0x5F,0xA0,0xC0,0x03,0x03,0x14,0xFE,0x41,0x15,0xFC,0x19,0x04,0x00,0x01,0x5F,0x82,0x09,0xCC,0x00,0xDB,
0x00,0x00,0x15,0xF5,0xA1,0x0F,0xC8,0x60,0x15,0xF8,0x21,0x5F,0xF4,0x01,0x4F,0xC0,0x01,0xE3,0x00,0x15,0x01,0x52,0x8B,0x61,
0xE4,0x20,0x12,0x12,0x8F,0x40,0x01,0x4F,0x08,0x81,0x4F,0xD0,0xE1,0x5F,0xB1,0x8B,0x00,0x00,0x01,0x8E,0x00,0x15,0xF9,0x20,
0x14,0xF6,0x90,0x00,0x50,0x01,0xCF,0xFA,0x55,0xC0,0x04,0x00,0x00,0x0F,0x88,0x04,0x1C,0x9B,0x00,0x90,0x14,0xFF,0x11,0xB0,
0x23,0x49,0xE0,0x01,0x08,0xA2,0x4B,0x18,0xBA,0x03,0xC0,0x95,0x2B,0x54,0xFD,0x28,0x14,0xFB,0x50,0x18,0x18,0x00,0x00,0x00,
0x11,0x4F,0xE0,0x0E,0xE0,0x01,0x18,0x21,0x26,0x0A,0x12,0x39,0xC0,0x94,0x90,0xA1,0x00,0x02,0x00,0xD5,0x03,0x01,0xBC,0x00,
0x42,0x69,0x92,0x00,0xAA,0x8D,0x94,0x73,0x8D,0x9C,0xE1,0x14,0x92,0x39,0x11,0xA8,0xD7,0x66,0xAA,0x8D,0x93,0x03,0x76,0x41,
0x9E,0x8D,0x9F,0x05,0x7C,0xC1,0x07,0x65,0x9E,0xE9,0x10,0xAA,0x47,0xCC,0x10,0x8D,0x99,0x81,0x53,0x0E,0x23,0x8D,0x94,0x31,
0x8D,0x9C,0xA1,0x93,0x30,0x2F,0x42,0x7B,0x75,0x00,0x79,0x8F,0xF3,0x16,0x8D,0x92,0x3E,0x76,0x6B,0x98,0xCA,0x12,0x38,0x4C,
0x12,0x60,0x00,0x00,0x21,0x4F,0xA5,0x0A,0x65,0x46,0x14,0xFC,0xB0,0x19,0x30,0x07,0x76,0x72,0xA6,0xA0,0x15,0x00,0x05,0x00,
0x01,0xCF,0xFC,0x08,0x01,0xDD,0x8F,0x40,0x02,0x1B,0x00,0x0A,0xC0,0x95,0x81,0xC0,0x11,0x02,0x7D,0x18,0x00,0x1C,0x00,0x08,
0xA4,0x00,0x9A,0x40,0x10,0x30,0x11,0x09,0x02,0xDF,0x00,0x81,0x61,0x22,0x04,0x53,0x91,0x5F,0xD3,0x24,0x31,0x11,0x14,0xFF,
0x01,0x9A,0x00,0x00,0x1B,0x01,0x09,0xCC,0x8E,0x29,0xA0,0x00,0x01,0x5F,0xC1,0xC0,0x1C,0x60,0x01,0xC0,0x53,0x9A,0x00,0x00,
0x27,0xC3,0x22,0x05,0xFD,0x31,0xB0,0x38,0x1C,0x08,0xE2,0x15,0x31,0x81,0x9C,0xC0,0x00,0x9A,0x00,0x00,0x15,0xFC,0x09,0xA0,
0xDB,0x22,0x07,0x00,0x09,0xCC,0x01,0x01,0xA0,0x00,0x15,0xFD,0xC0,0xC0,0xA7,0x49,0x02,0xE7,0x11,0x5F,0x00,0x00,0x1E,0x42,
0x01,0x5F,0xD0,0x9A,0x0A,0x74,0x21,0x11,0x71,0x9C,0xC0,0x1C,0x9A,0x00,0x00,0x2F,0xFC,0x01,0xB0,0x91,0x11,0x5F,0xD1,0x15,
0xFE,0x34,0x21,0x11,0xC0,0x9C,0xC0,0x00,0x1B,0x00,0x01,0x5F,0x00,0x0A,0x00,0x09,0x42,0x04,0x10,0x1B,0xA0,0x00,0xC0,0x99,
0x00,0x08,0x11,0x09,0x04,0x00,0x09,0x90,0x82,0x16,0xD8,0x49,0x00,0x04,0x98,0x0B,0x12,0x60,0x9A,0x48,0x00,0x99,0x20,0x00,
0x19,0xA2,0x29,0x90,0x39,0x89,0x90,0x40,0x09,0x90,0x40,0x01,0x03,0xEB,0x01,0x29,0x40,0x01,0x2B,0x0A,0xC0,0x9A,0x99,0x90,
0x2D,0xE0,0x91,0x10,0x02,0x5F,0x01,0x01,0x04,0xC8,0x99,0x00,0x01,0x9A,0x00,0x00,0x8F,0x40,0x00,0x0E,0x04,0x00,0x12,0xF0,
0x15,0x55,0x60,0x99,0x13,0x80,0x9A,0x40,0x10,0x99,0x04,0x00,0x1B,0x00,0x03,0x05,0x00,0x00,0x07,0xB1,0x00,0xFE,0x34,0x9A,
0x4F,0xE9,0x9C,0xC0,0x20,0x1B,0x05,0x91,0x9A,0x00,0x00,0x08,0x04,0x00,0x1E,0xD0,0x01,0xCF,0xFE,0x99,0x00,0x00,0x00,0x50,
0x00,0x85,0x40,0x65,0x8E,0x8D,0x01,0x93,0x81,0x17,0x64,0x44,0x89,0xA4,0x3F,0x6C,0xD2,0x89,0x76,0x70,0x80,0xFF,0xFF,0xA6,
0x76,0x05,0xC1,0x99,0x14,0x01,0x00,0x10,0x01,0x98,0x10,0x90,0xE1,0x03,0x8F,0x40,0xF9,0x85,0x00,0x2D,0x1C,0x00,0x21,0x4F,
0x23,0x00,0x81,0x61,0x1C,0x09,0xC4,0x18,0x81,0x62,0x9C,0xC0,0x61,0x85,0x00,0x74,0x8B,0x0D,0x10,0x81,0x43,0xFF,0xFF,0xFB,
0x09,0xCC,0x01,0x9A,0xC8,0x00,0x18,0x25,0xE9,0xC0,0x9C,0x48,0xC8,0x06,0x21,0x4F,0x00,0x00,0x05,0x00,0xA1,0xCF,0xFE,0x00,
0x09,0xC2,0x8D,0xA0,0xD1,0x1C,0x00,0xA9,0x20,0x34,0x41,0x5F,0x00,0x39,0x5F,0xF3,0x19,0xA4,0x80,0x85,0x81,0x3C,0x18,0x29,
0x3C,0x00,0x00,0x40,0x08,0x13,0xC0,0x80,0xFB,0x01,0x82,0x51,0x82,0x00,0x52,0x15,0x5F,0x90,0x20,0x00,0x53,0x14,0xF3,0x91,
0x14,0xF7,0x21,0x4F,0x25,0x59,0xCC,0x01,0x41,0x80,0x01,0x18,0x02,0xB1,0xC0,0x9D,0x80,0x8F,0x80,0xA2,0x8F,0x9F,0x05,0x5F,
0x00,0xC4,0x80,0x22,0x09,0x82,0x15,0x85,0x89,0x32,0x8C,0x02,0x90,0x08,0x80,0x60,0x8D,0xA0,0xC1,0x4F,0x03,0x21,0x4F,0x11,
0x01,0x82,0x16,0x20,0xCC,0x01,0x14,0xEF,0x00,0x18,0x25,0x79,0xC0,0x9D,0x40,0x00,0x5A,0x28,0xDA,0x05,0x80,0x80,0x02,0x30,
0x01,0xDA,0x60,0x1F,0x67,0x8C,0x02,0x02,0x08,0x84,0x21,0x4F,0x0F,0x51,0x5F,0xA1,0x68,0xF9,0xF6,0x8B,0xDE,0xAD,0x01,0x80,
0x21,0x54,0xF8,0x28,0x88,0x91,0x02,0x04,0x40,0x10,0x81,0x21,0x22,0x03,0x31,0x90,0x80,0x22,0x08,0x02,0x01,0x08,0x12,0x10,
0x18,0x21,0x19,0xCC,0x9C,0x41,0x4F,0x03,0x21,0xE3,0x20,0xC0,0x82,0x11,0x8F,0x9F,0xC4,0x08,0x14,0x11,0x9C,0xC0,0x1C,0x09,
0x4F,0x0C,0x88,0x42,0xA0,0x82,0x42,0x8B,0x88,0x40,0x8F,0x9E,0x41,0x8B,0x08,0x40,0x8C,0x80,0x1C,0x80,0xA7,0x01,0x4F,0x42,
0xC3,0x04,0x23,0x8D,0x80,0x01,0x8C,0x00,0xE0,0x8B,0x08,0x21,0x8C,0x80,0x01,0x5F,0x03,0xED,0x80,0x58,0x41,0x5F,0xC5,0x8C,
0xE8,0x00,0x8B,0x85,0x10,0x90,0x70,0x41,0x30,0x43,0x30,0x80,0x02,0x08,0xF9,0xFA,0x01,0x82,0x90,0x1A,0x80,0x00,0x48,0x88,
0xB5,0x14,0xEE,0x49,0x49,0x13,0x00,0x91,0x80,0x00,0x89,0x10,0x11,0x4F,0x29,0x08,0x81,0x00,0x09,0x0B,0x00,0x90,0x40,0x0C,
0x08,0x01,0x00,0x00,0xF2,0x90,0x00,0x00,0x01,0xCF,0xF6,0x14,0x00,0x00,0x00,0x50,0x00,0x85,0x40,0x65,0x8E,0x8D,0x01,0x93,
0x81,0x17,0x64,0x44,0x89,0xA4,0x3F,0x6C,0xD2,0x89,0x76,0x70,0x80,0xFF,0xFF,0xA6,0x76,0x05,0xC1,0x99,0x14,0x01,0x00,0x10,
0x01,0x98,0x10,0x90,0x00,0x8D,0x8F,0x40,0x06,0x1B,0x00,0x0A,0xC0,0xA7,0x81,0xC0,0x11,0x01,0x5F,0x90,0x11,0x4F,0xF9,0x08,
0x5F,0xB1,0x20,0x03,0x01,0x15,0xFD,0x21,0x18,0x25,0x09,0xCC,0x03,0x41,0xB0,0x30,0x11,0x5F,0xC0,0xC0,0x01,0x10,0x15,0xFA,
0x71,0x20,0x13,0x12,0x15,0xFB,0x01,0x5F,0xC0,0x1C,0x00,0x34,0x01,0x5F,0x80,0x9C,0x6E,0x10,0x1B,0x03,0xD1,0x15,0xFC,0x22,
0x20,0x10,0x11,0x5F,0xC0,0x00,0xFC,0x86,0x01,0x5F,0xC0,0x9C,0x7F,0x10,0x00,0x00,0xD1,0x15,0xFA,0x22,0x20,0x31,0x11,0x5F,
0xC0,0x00,0xFC,0x86,0x01,0x5F,0x60,0x9C,0x21,0xC1,0x00,0x00,0x00,0x99,0x0C,0x00,0x27,0xE0,0x89,0xCC,0xBA,0xE0,0xE0,0x02,
0x01,0x4F,0xE9,0x0F,0x05,0x00,0x15,0xFC,0xFA,0x37,0x41,0x00,0x8F,0x40,0x01,0xCF,0x81,0xC1,0xC0,0x0C,0x11,0x5F,0xF2,0x8F,
0x0D,0x04,0x15,0xF9,0xB1,0x90,0x84,0x16,0x08,0x82,0x31,0x5F,0x00,0x43,0x34,0x14,0x03,0x01,0x94,0x1B,0xE1,0x01,0x8F,0x40,
0x27,0x8B,0x80,0x65,0x18,0x01,0x80,0xA2,0x86,0x50,0xA5,0x22,0x32,0x00,0xF6,0x1E,0x20,0x00,0x18,0x25,0x63,0x10,0x14,0x99,
0x21,0x1D,0x28,0xD9,0x0A,0x7C,0xD9,0xDC,0x68,0xD9,0x21,0x08,0xD9,0xC4,0x20,0x4D,0x04,0x8A,0x22,0x78,0x91,0x1C,0xA8,0xF3,
0x52,0x28,0xD8,0x15,0x88,0xD8,0x5D,0x4A,0x10,0xCA,0x50,0x17,0xE6,0x58,0x0A,0x01,0x8D,0x82,0xF5,0xE3,0xC3,0xA9,0x11,0xCA,
0x21,0x5F,0x50,0x84,0x00,0x78,0x10,0x17,0x49,0x18,0x0E,0x41,0x18,0x25,0x31,0x01,0x96,0x31,0x01,0x48,0xC2,0x04,0xD6,0x8D,
0x01,0x78,0xCD,0x9D,0xCA,0x8D,0x92,0x19,0x8D,0x9C,0x49,0x11,0x30,0x45,0x4F,0xD7,0x55,0x98,0x47,0x8F,0x80,0xA0,0x8D,0x81,
0x2F,0x8D,0x85,0xD5,0x11,0x0C,0xA8,0xD8,0x00,0x58,0x4C,0x3A,0x41,0x01,0x72,0x5B,0x00,0x78,0x98,0x0E,0x72,0x85,0x80,0x5D,
0x20,0x53,0xB2,0x01,0xFC,0x48,0xB2,0x1F,0x38,0x50,0x08,0x14,0xC3,0x4A,0x1E,0x86,0x09,0x60,0x34,0x9E,0x92,0x06,0x18,0xBA,
0x84,0x00,0x80,0xA6,0xDD,0x5F,0x30,0x1E,0x5F,0xD3,0x8B,0x21,0xD9,0x8B,0xA0,0x15,0x8C,0xE1,0x45,0x4E,0x30,0xB5,0x5E,0xF4,
0x41,0x5F,0x18,0x8C,0x5F,0x71,0x8C,0xE0,0x05,0x06,0x40,0x81,0x08,0x01,0x71,0xB0,0xF4,0x00,0x00,0x00,0x48,0xB6,0x19,0x15,
0x30,0x14,0x33,0x00,0x92,0x01,0x03,0x33,0x9C,0xC0,0x00,0xFB,0x4C,0x08,0x00,0x00,0x01,0x5F,0x40,0x8B,0xA7,0x81,0x85,0x40,
0x00,0x85,0x49,0x09,0x8F,0x82,0x42,0x10,0x91,0x00,0x00,0x00,0x48,0x40,0xE9,0x10,0x54,0x08,0x08,0x80,0x98,0x18,0x21,0x38,
0x50,0x10,0x48,0x5C,0xA1,0x08,0xEC,0x02,0x09,0x90,0xC0,0x27,0xB0,0x59,0x74,0x26,0x52,0x02,0x24,0x37,0x7B,0x15,0x25,0x30,
0x50,0x00,0x00,0x01,0x40,0x10,0x03,0x9A,0x5E,0xB0,0x8E,0x81,0x80,0x8E,0xA0,0x09,0x53,0x05,0x27,0xA2,0x8F,0xC0,0x00,0x00,
0x00,0x00,0x00,0x01,0xFB,0xAE,0x8F,0x40,0x01,0x9C,0xC0,0x00,0x99,0x0C,0x00,0x22,0x82,0x01,0x5E,0xA0,0x50,0x83,0x1C,0x8F,
0x00,0x00,0x1B,0x00,0x12,0x08,0x81,0x50,0x10,0x10,0x21,0x00,0x02,0x11,0x5F,0xA3,0x03,0x01,0x62,0x1A,0x89,0x03,0x15,0xF6,
0xC4,0x18,0x21,0x30,0x15,0xF8,0x21,0x5F,0x21,0x11,0x5F,0x08,0x1C,0x0A,0x64,0x18,0x0E,0x41,0x9C,0xC0,0x30,0x8F,0x40,0x03,
0x8F,0x80,0xA6,0x7D,0x11,0x90,0x80,0x84,0x9F,0x05,0x26,0x20,0x89,0x34,0x8C,0xA0,0x34,0x8C,0x06,0xF0,0x18,0x23,0x40,0x81,
0x30,0x68,0xB8,0x5C,0x51,0xE8,0x00,0x18,0xCA,0x09,0x15,0xF2,0xCD,0x08,0x0A,0x48,0x88,0x02,0x48,0xC0,0x46,0x89,0xC0,0x03,
0x93,0x01,0x96,0xB4,0x04,0x43,0xC0,0xBE,0x61,0x08,0x01,0x42,0x15,0xEE,0x00,0x81,0x30,0x31,0x82,0x11,0x1C,0x0A,0x64,0x08,
0x7F,0x38,0x9C,0xC0,0x61,0x08,0x16,0x22,0x08,0x50,0x30,0x81,0x21,0x19,0xCC,0x01,0x40,0x81,0x62,0x18,0xE4,0x20,0xC0,0xA6,
0x02,0x8F,0x9D,0x61,0x08,0x16,0x11,0x03,0x86,0x21,0x82,0x11,0x1C,0x0A,0x64,0x08,0x98,0x53,0x9C,0xC0,0x44,0x8F,0x40,0x01,
0x8F,0x83,0xC1,0x5F,0x9F,0x40,0x88,0x64,0x81,0x01,0x28,0x8F,0xD9,0x61,0x8B,0x81,0xE8,0x08,0x86,0x68,0xB7,0x88,0x08,0xD9,
0x68,0x28,0xEA,0x00,0x08,0x4C,0x4D,0xB7,0x99,0x45,0x98,0x23,0x61,0x18,0x08,0x31,0x8F,0x35,0x00,0x81,0xC8,0x67,0x01,0xAA,
0x20,0x81,0x14,0x18,0xCC,0x01,0x08,0x11,0x62,0x15,0xFD,0x09,0xC0,0xA6,0x40,0x85,0x86,0x40,0x28,0x1F,0x01,0x5F,0xB3,0x08,
0x00,0x00,0x20,0x65,0x49,0x15,0xF7,0x00,0x08,0x50,0x48,0x50,0xF9,0x09,0xCC,0x00,0xE8,0x54,0x08,0x15,0x5F,0x80,0x0F,0xBA,
0x05,0x77,0xE8,0x21,0x19,0x30,0x00,0x84,0x24,0xB1,0xB0,0x06,0xD0,0x80,0x05,0x8C,0x5F,0x43,0x8C,0x04,0x00,0x85,0x04,0xB5,
0x14,0xF9,0x49,0xCC,0xBA,0xE8,0x54,0x0A,0x21,0x5F,0x60,0x0F,0x03,0x05,0x77,0xE6,0x05,0x19,0x30,0x03,0x8C,0x24,0xB1,0xB0,
0x00,0x47,0x01,0x2C,0xFF,0xFF,0xFC,0x01,0xA0,0x29,0x9A,0x43,0xA0,0x14,0xF9,0x41,0x8F,0x9F,0x81,0x5F,0xFC,0x30,0x89,0x05,
0xA9,0xE4,0x63,0x15,0x8C,0xC4,0x8D,0x84,0xE1,0x08,0x06,0x51,0x8D,0x84,0xA1,0x5F,0xC8,0x58,0x40,0x8B,0x48,0xC2,0x59,0x18,
0x4F,0x85,0x48,0x80,0x24,0x08,0x50,0x61,0x8D,0x85,0xCA,0x03,0x16,0x51,0x82,0x71,0x68,0xD8,0x5C,0x30,0x7E,0x7B,0x18,0xCC,
0x8B,0x08,0x17,0x42,0x18,0xC8,0x58,0x40,0x26,0x81,0x01,0x69,0x39,0x80,0x02,0xB4,0x80,0x02,0x27,0xE6,0x00,0xB3,0x11,0x19,
0x35,0x11,0x09,0x80,0x11,0x13,0x81,0x91,0x08,0x01,0x10,0xB0,0x4E,0xC9,0x98,0x00,0x94,0x8C,0x26,0x31,0x90,0x40,0x0F,0x81,
0x13,0x40,0x00,0x00,0x90,0x00,0x00,0x30,0xCF,0xF4,0x14,0xEC,0x00,0x00,0x50,0x01,0x1B,0x7F,0x89,0xA4,0xF3,0x49,0x92,0x00,
0x09,0x92,0x00,0x00,0x90,0x00,0x02,0x2E,0x00,0x02,0x28,0x09,0x02,0x2B,0x09,0x90,0x2D,0x03,0x01,0x14,0x00,0x64,0xF4,0x02,
0x00,0x00,0x9C,0x80,0x46,0x8F,0x40,0x00,0x1C,0x01,0x81,0x82,0xB4,0x15,0x4F,0xF9,0x58,0x50,0x0B,0x90,0x82,0x26,0x1B,0x00,
0x0C,0x0A,0x00,0x21,0x8F,0x40,0x01,0xB0,0x0C,0x00,0x22,0x8C,0x3C,0x0C,0x93,0x99,0x00,0x00,0x9C,0x00,0x05,0x00,0x00,0x00,
0x2F,0xA0,0xC2,0x03,0xFB,0x41,0x5F,0xD5,0x41,0x4F,0x75,0x15,0x80,0xD4,0x14,0xF9,0xBD,0x14,0xF5,0x51,0x8F,0x40,0x02,0x7D,
0xA4,0x5C,0x81,0x87,0x11,0x4E,0x75,0x90,0x5E,0xB2,0x15,0xF3,0x17,0x15,0xE9,0x41,0x15,0xED,0x51,0x4F,0x41,0xFF,0xFF,0xF9,
0x60,0x00,0x00,0x9A,0x80,0x25,0x15,0xFC,0x00,0x08,0x0C,0x47,0x14,0xEF,0x59,0xCC,0xB9,0x26,0x81,0x62,0x48,0xB6,0x19,0x0F,
0xDA,0x51,0x14,0xEE,0xA2,0x14,0xF0,0x58,0xD5,0xEC,0x51,0x5E,0xE8,0x41,0x4E,0x74,0x01,0x5E,0xD4,0x15,0x00,0x00,0x8F,0x81,
0x15,0x15,0xEB,0x20,0x0A,0x2A,0x61,0x5F,0x0D,0x60,0xA8,0xA1,0x71,0x01,0x2A,0x20,0x11,0xD4,0x18,0x23,0xF9,0x92,0x00,0x01,
0x8D,0x94,0x51,0x01,0x9C,0xC1,0x14,0xC8,0x39,0xB0,0x26,0x8D,0x4E,0x65,0x8D,0x90,0xD8,0x8D,0x9D,0x09,0xCB,0x5E,0xAD,0x01,
0x30,0x49,0x80,0xC1,0x59,0x5F,0xA1,0x8F,0x5E,0xF5,0x8D,0x80,0xC8,0x8A,0x0B,0xF5,0x8D,0x84,0xD9,0x10,0x2F,0xF7,0x61,0xC6,
0x01,0x01,0xF0,0x68,0x00,0xF9,0x53,0x0F,0x00,0x85,0x80,0x11,0x14,0xE9,0x49,0xCC,0xE2,0x61,0xB0,0x50,0x51,0x5F,0xA4,0x0F,
0x00,0x89,0x15,0xEA,0x00,0x20,0x0B,0x22,0x08,0x24,0x09,0x40,0x12,0x00,0x84,0x30,0x11,0x5E,0xB2,0x25,0x08,0xA8,0x15,0xFB,
0x01,0x9A,0x00,0x00,0x15,0xEE,0x19,0xCC,0x96,0xA1,0x4E,0x80,0x19,0xA4,0x40,0xC1,0x08,0x20,0x15,0xF0,0xC2,0x00,0x00,0x43,
0x15,0xFA,0x01,0x5F,0x83,0x49,0xCC,0x00,0xA0,0x00,0x00,0x30,0x5F,0x21,0x06,0x51,0xC6,0x8F,0x9F,0x85,0x8F,0x9F,0x21,0x5F,
0x02,0x40,0x81,0xC5,0xA9,0x5E,0xA2,0x08,0x89,0x45,0x8D,0x84,0xE5,0x18,0xCC,0x40,0x8C,0xA1,0xB9,0x5E,0x24,0xB5,0xB0,0x0C,
0xBD,0x4F,0x46,0x8C,0x88,0xA5,0x8C,0x06,0x60,0x8B,0x44,0xD8,0x14,0xF8,0x41,0x4F,0x00,0xA1,0x5E,0xC4,0xC1,0x4F,0x56,0x8C,
0x06,0x22,0x8B,0xA6,0x70,0x08,0x13,0x79,0x15,0xFD,0x61,0x4F,0x00,0x51,0x4F,0x64,0x40,0x00,0x00,0x1B,0x00,0x00,0x30,0x85,
0xE8,0x14,0xFE,0x90,0x00,0x50,0x01,0xCF,0x10,0x00,0x3D,0xA1,0x25,0xC0,0x06,0x99,0x3D,0x80,0x84,0x01,0xC2,0x99,0x10,0x00,
0x99,0x10,0x00,0x3D,0xF9,0x91,0x4F,0xF1,0x21,0x4F,0xB0,0x14,0xFC,0x04,0x14,0xFD,0x00,0x9C,0xC0,0x00,0x8F,0x40,0x00,0x00,
0x00,0x05,0x4F,0xA2,0x55,0xB0,0x2C,0x8E,0xD2,0x6E,0x8E,0x00,0x54,0x6D,0xFC,0x96,0x6D,0x13,0x48,0xA0,0xFB,0x49,0xCC,0x00,
0x26,0x80,0x41,0x94,0xA0,0x90,0x0F,0xB9,0xF0,0x14,0xFA,0x18,0x14,0xFE,0x11,0x4F,0xC0,0x1C,0x1D,0x50,0x01,0x4F,0xC2,0x9C,
0x60,0x52,0x00,0x00,0x6D,0x14,0xFE,0x17,0x18,0xCC,0x55,0x40,0x16,0xA9,0xA4,0x3F,0xC6,0xD3,0x2C,0x76,0xD1,0x34,0xFF,0xFF,
0xF4,0x18,0xCC,0x66,0x81,0x28,0x81,0x4F,0xCC,0x08,0x50,0x20,0x01,0x8C,0x85,0x18,0x4F,0xB0,0x14,0xFD,0x00,0x8B,0x4D,0x81,
0x14,0xF7,0x09,0xCC,0xB9,0x20,0x00,0x00,0x01,0x4F,0xE1,0x0F,0x4F,0xA3,0x85,0x01,0x33,0x8D,0x80,0x21,0x18,0xC8,0x08,0x50,
0xF6,0x28,0x50,0x31,0x09,0x91,0xC0,0x14,0xB4,0xCC,0x94,0xFC,0x5D,0x03,0xCC,0x98,0x54,0xF8,0x97,0x28,0x1C,0x00,0x3C,0xD9,
0x09,0x91,0xC0,0x99,0xD1,0x31,0x00,0x00,0xC0,0x03,0xD0,0x96,0x54,0x0D,0x59,0x91,0xD1,0x90,0x00,0x00,0x00,0x3D,0x49,0x03,
0x91,0xC0,0x99,0x1C,0x00,0x54,0x08,0x19,0x03,0xD5,0x90,0x05,
};

const uint8_t cs40l50_fw_block_41[] = {
0x40,0x01,0xCF,0xFA,0xA1,0xC0,0x02,0x8F,0x90,0x00,0x01,0xC0,0x80,0x00,0x00,0x09,0x27,0x06,0x09,0x03,0xFF,0x91,0x7F,0xDC,
0x00,0x78,0x20,0x14,0x7F,0xCC,0x9A,0x00,0x9C,0x14,0xFE,0x91,0x99,0x0C,0x00,0x22,0x50,0x01,0xCF,0xFE,0x01,0xE0,0x80,0x00,
0x0C,0xF2,0x99,0x04,0x0C,0x9C,0x80,0x1C,0x8F,0x40,0x00,0xC0,0x96,0x82,0x15,0x01,0x69,0xB0,0x31,0x8F,0x88,0x31,0x8F,0x86,
0x01,0x8F,0x83,0x00,0x9A,0x50,0x00,0x00,0x83,0xC5,0x02,0x31,0x01,0x0A,0x30,0x8F,0x00,0x00,0x33,0x33,0x02,0x9A,0x42,0xD5,
0x31,0x62,0x18,0xD8,0x53,0x18,0x4C,0x9D,0x10,0xE2,0x34,0xA0,0x18,0x21,0x27,0xA2,0x31,0x1B,0x00,0x03,0x08,0x83,0x02,0x6C,
0x00,0x20,0x89,0x31,0x91,0x5F,0xF1,0x1C,0xFE,0x34,0x14,0xFD,0xE1,0x9C,0xC0,0x00,0x1B,0x0C,0x11,0x5F,0x00,0x02,0x06,0x31,
0x00,0x80,0x30,0x1B,0x4F,0xC9,0x08,0x33,0x56,0x1B,0x03,0x01,0x9C,0x80,0x1C,0x0E,0x40,0x01,0xCF,0xFE,0x09,0xA4,0x07,0x8F,
0xD8,0x08,0x08,0x00,0x0C,0xBB,0xBB,0xC8,0xA0,0x21,0x48,0x5C,0x70,0x11,0x82,0x95,0xDC,0x0D,0x4D,0x33,0x80,0x45,0xA0,0x00,
0x82,0x19,0x30,0x00,0x8D,0x95,0x13,0x2C,0x4D,0x58,0xE1,0x20,0x87,0x60,0x72,0x8B,0x32,0x27,0x76,0x72,0xE1,0x53,0x13,0x55,
0x7C,0xC5,0xB1,0x99,0x10,0xA0,0xE1,0xB2,0x00,0x81,0x43,0x7B,0x00,0x00,0x00,0x00,0x00,0x32,0xC9,0x30,0x00,0x50,0x00,0x00,
0x00,0x61,0x5F,0xF0,0x01,0x5F,0x71,0x1C,0x5F,0xD0,0x20,0x40,0x93,0x14,0xF5,0x91,0x14,0xFB,0x01,0x5F,0x21,0x19,0xCC,0x00,
0x61,0xB0,0x30,0x18,0x5F,0x82,0x0F,0xE2,0x91,0x15,0xFC,0x11,0x20,0x13,0x11,0x5F,0xC0,0x00,0xFE,0x26,0x01,0x5F,0x81,0x9C,
0xCC,0x01,0x1B,0x03,0x30,0x15,0xFC,0x09,0xC0,0xEA,0xC1,0xB0,0x83,0x61,0x5F,0x82,0x02,0x09,0x41,0x8F,0xB6,0x10,0x00,0x00,
0x20,0x08,0x02,0x08,0x31,0xB2,0x46,0xC4,0x81,0xC0,0x88,0x30,0xB8,0xF8,0x9C,0x01,0x82,0x30,0x26,0xA3,0x20,0x15,0xFE,0x11,
0x08,0x82,0x40,0x80,0x30,0x47,0x28,0x24,0x00,0x66,0x61,0x6D,0x18,0x02,0x9A,0x40,0xF3,0x6C,0x30,0xC0,0x15,0xFC,0x11,0x5F,
0x01,0x01,0x82,0x53,0x1C,0x0D,0x32,0x08,0x82,0x71,0x9C,0xC0,0xF0,0x00,0x00,0x01,0x9C,0xC0,0x1C,0x0E,0xA7,0x01,0x4F,0xA0,
0x19,0x04,0x01,0x27,0x4F,0x49,0x15,0xF6,0x49,0x55,0xFE,0x01,0x15,0xF6,0x11,0x4F,0x27,0x01,0x4F,0xA0,0x1C,0x0F,0xC2,0x18,
0xCF,0xFA,0x9C,0x80,0x04,0x8F,0x40,0x01,0x02,0x20,0xE1,0xC0,0xFF,0x09,0xA4,0x2E,0x48,0xD8,0x18,0x15,0xCC,0x01,0xE0,0x00,
0x0C,0x94,0xFD,0x99,0xC0,0x02,0xA8,0x5C,0xF0,0x81,0x4F,0xA0,0x09,0x04,0x00,0x6F,0xA2,0x20,0x6D,0x9C,0x00,0xD9,0x90,0x46,
0x14,0xFD,0x91,0xB0,0xFE,0x01,0x4F,0xC9,0x00,0x05,0x00,0x15,0xCF,0xFC,0x33,0xE1,0x10,0x8F,0x40,0x01,0x1B,0x7F,0x80,0x81,
0x11,0x09,0xA4,0x80,0x09,0x01,0x40,0x08,0x00,0x00,0x00,0x00,0xB1,0x08,0x01,0x80,0x1C,0x00,0x81,0x4F,0xF3,0x91,0x4F,0xD2,
0x01,0x4F,0xF0,0x14,0xB2,0xC1,0x17,0xF5,0x00,0x15,0xF9,0x01,0x18,0x21,0x19,0xCC,0xE3,0x41,0xB0,0x00,0x00,0x2A,0x40,0x0F,
0xB1,0x81,0x99,0x00,0x80,0x8D,0x17,0x11,0x8D,0x90,0x39,0x5F,0x00,0x00,0x29,0xC1,0xC6,0x13,0x10,0x99,0x23,0x02,0x87,0xC1,
0x11,0x99,0x0C,0x00,0x8E,0xC9,0x48,0x81,0xA0,0x45,0xB0,0x04,0x00,0x29,0xE3,0x8E,0x2A,0x06,0x99,0x00,0x21,0x99,0x00,0x00,
0x08,0x51,0x31,0x93,0x00,0x00,0x2A,0x29,0x60,0x83,0x19,0x99,0x81,0x14,0x08,0x11,0xE2,0x30,0x11,0x10,0x27,0xD1,0x01,0x4F,
0x11,0x20,0x81,0x12,0x81,0x4F,0xA0,0x30,0xCC,0x01,0x26,0xC1,0x40,0x15,0xFB,0x09,0xC0,0xD0,0x81,0x7F,0x86,0xE1,0x4F,0xE0,
0x25,0x08,0x79,0x8F,0x5F,0xA0,0x9A,0x42,0x10,0x8D,0xA0,0x25,0x19,0x42,0x42,0x00,0x0C,0x00,0x2A,0xC1,0x25,0x8D,0x80,0x99,
0xC8,0x18,0x8E,0x02,0x00,0x10,0x11,0x00,0x08,0x11,0x10,0x00,0x0C,0x00,0x2B,0x01,0xD9,0x90,0xC0,0x99,0xE0,0x21,0x78,0x08,
0x15,0x02,0xA8,0x08,0x70,0x11,0x50,0x81,0x01,0x81,0x5F,0xF0,0x1C,0x0D,0x96,0x27,0x4F,0xC1,0x9C,0xC0,0xE0,0x8F,0x40,0x01,
0x8F,0x84,0x61,0x5F,0x00,0x00,0x2C,0x00,0x02,0x07,0x00,0x99,0xB0,0x01,0x84,0x42,0xFD,0x10,0x81,0x01,0x08,0x11,0x11,0xB7,
0x11,0x50,0x81,0x11,0x11,0x82,0x11,0x08,0x2C,0x80,0x08,0x31,0x00,0x99,0x00,0x00,0x9B,0x30,0x00,0x00,0x00,0x00,0x2C,0x90,
0x1C,0x0D,0xAE,0x99,0x01,0x20,0x9C,0xC0,0x01,0x00,0x00,0x02,0x18,0x21,0x19,0xCC,0xDA,0xE0,0x00,0x00,0x92,0x7F,0x38,0xC0,
0x01,0x40,0x14,0xF2,0xF8,0x30,0x41,0x19,0x08,0x01,0x11,0xCF,0x00,0x21,0x4F,0xD9,0x09,0xCC,0x01,0x1C,0x00,0x00,0x15,0xFF,
0xC9,0xC0,0xD5,0x00,0x15,0xFE,0x01,0x4F,0x30,0x80,0x80,0x00,0x00,0x29,0xB0,0x21,0xCF,0xFE,0x99,0x00,0x04,0x00,0x50,0x01,
0x33,0xE0,0x00,0x21,0x00,0x00,0x00,0x00,0x1C,0x0E,0x40,0x00,0x05,0x00,0x9C,0x80,0x00,0x00,0x00,0x00,0x8F,0x40,0x01,0xB0,
0x00,0x10,0x80,0x20,0x12,0x10,0x0A,0x21,0x80,0x40,0x8B,0xA0,0x64,0x8C,0xF8,0x00,0x99,0x00,0x00,0x2A,0x42,0x17,0x3E,0x09,
0x60,0x00,0x00,0x6C,0x10,0x18,0x04,0x10,0x40,0x00,0x00,0x02,0x08,0x00,0x09,0x01,0x00,0x47,0x00,0x20,0x1C,0x0F,0xA4,0x1B,
0x00,0x00,0x9C,0x80,0xD9,0x8F,0x40,0x00,0x1C,0x00,0x21,0x4F,0xFF,0x09,0xA0,0x00,0x09,0xA0,0x00,0x14,0xA0,0x00,0x00,0x8D,
0x11,0x01,0xEF,0x19,0x00,0xD8,0x21,0xB0,0x00,0x00,0x00,0x03,0x1C,0x1D,0x70,0x9A,0xB0,0x08,0x9C,0xC0,0x00,0x85,0x00,0x09,
0x9A,0x00,0x00,0x09,0x00,0x00,0x1E,0xF1,0x89,0xA0,0x00,0x9A,0xB0,0x11,0x1B,0x00,0x03,0x00,0xF8,0x21,0x9A,0x00,0x00,0x00,
0xC0,0x1C,0x1D,0x70,0x01,0x4F,0xE2,0x9C,0x09,0x30,0x8F,0x40,0x51,0x9A,0x00,0x00,0x9A,0x00,0x00,0x1F,0x00,0x89,0xA0,0x00,
0x21,0xB0,0x11,0x1B,0x00,0x03,0x03,0x30,0x70,0x9A,0x00,0x00,0x9C,0xC0,0x1C,0x1D,0x40,0x01,0x4F,0xE2,0x00,0x0B,0x30,0x8F,
0x1F,0x51,0x9A,0x00,0x00,0x9A,0x00,0x00,0x1B,0x00,0x89,0xA0,0x38,0x21,0xB0,0x11,0x00,0x00,0x03,0x03,0x1D,0x70,0x9A,0x00,
0x09,0x9C,0xC0,0x1C,0x14,0xFE,0x21,0xB0,0x00,0x00,0x0B,0x60,0x00,0x0F,0x81,0x9A,0x0B,0xC2,0x9A,0x00,0x03,0x9A,0x00,0x00,
0x9A,0x00,0x00,0x00,0xC0,0x1C,0x1D,0x70,0x21,0x4F,0xE2,0x9C,0x4F,0xE2,0x85,0x00,0x09,0x14,0xFC,0x91,0x8F,0x40,0x01,0xB0,
0x00,0x00,0x0B,0x90,0x00,0x0F,0x81,0x9A,0x34,0x02,0x9A,0x00,0x03,0x9A,0x00,0x00,0x9A,0x00,0x00,0x00,0x80,0x1C,0x1D,0x70,
0x21,0xCF,0xFE,0x9C,0x09,0x32,0x85,0x00,0x00,0x9A,0x00,0x00,0x0A,0x05,0x09,0xA0,0x8D,0x21,0xC0,0x02,0x01,0x4F,0xD9,0x00,
0x82,0x50,0x0A,0x05,0x80,0x15,0xFF,0x11,0x9C,0xC0,0x1C,0x1D,0x40,0x00,0x00,0x00,0x1C,0x1D,0x80,0x8F,0x09,0x30,0x9C,0xC0,
0x00,0x9A,0x00,0x00,0x14,0xFE,0x09,0xA0,0x90,0x09,0xA0,0x00,0x10,0x80,0x10,0x00,0xCC,0x01,0x00,0xB3,0x00,0x08,0x03,0x09,
0xC1,0xD8,0x00,0x00,0xFC,0x99,0xA0,0x00,0x09,0xC8,0x01,0x14,0xCF,0xFE,0x00,0xB3,0x00,0xC1,0xD8,0x01,0x8B,0xA0,0x04,0x81,
0xA0,0x21,0xB0,0x04,0x84,0x81,0x06,0x8B,0x82,0x12,0x85,0x00,0x03,0x8C,0x81,0x05,0x8C,0x81,0x30,0x81,0x46,0x26,0xC0,0x20,
0x26,0xC2,0xD5,0x73,0x3E,0x12,0x6C,0x07,0x12,0x73,0xE0,0x07,0x73,0xE0,0x97,0x38,0x60,0x61,0xB0,0x05,0x06,0xD7,0x46,0x07,
0xB2,0x01,0x30,0x14,0x36,0x73,0x80,0x88,0x98,0x0A,0x00,0x80,0xF0,0x80,0x81,0x14,0x44,0x81,0x11,0x27,0x01,0x40,0x8B,0x50,
0x00,0x08,0x01,0x29,0x30,0x15,0x10,0x00,0x01,0x82,0x07,0x12,0x01,0x5F,0xD2,0x1C,0x4F,0x99,0x15,0xFF,0x30,0x20,0x21,0x01,
0x15,0xFB,0x01,0xB0,0x23,0x29,0xCC,0x00,0x62,0xFB,0x11,0x18,0xB0,0x30,0x0F,0xE2,0x26,0x15,0xFA,0x21,0x9C,0xC0,0x00,0xFE,
0x40,0x02,0xFA,0x01,0x00,0x0B,0x90,0x8F,0x0B,0x61,0x9A,0x00,0x03,0x9A,0x00,0x00,0x2F,0xB1,0x22,0xFA,0x03,0x20,0xA0,0x13,
0x1C,0x1D,0x80,0x0A,0x00,0x00,0x9C,0xC0,0x80,0x8F,0x40,0x00,0x9C,0xC0,0x1C,0x1D,0x00,0x00,0x0B,0x60,0xC1,0x5F,0xA1,0x9A,
0x5F,0xC0,0x8F,0x9A,0x60,0x15,0xFE,0x21,0x21,0x32,0x30,0x88,0xA0,0x12,0x15,0x55,0x12,0x01,0x00,0x8B,0xFB,0x14,0x20,0x20,
0x00,0x15,0xFF,0x32,0x2F,0xA0,0x21,0xB0,0x66,0x31,0x7F,0xBC,0x51,0x5F,0x51,0x20,0x5F,0x14,0x15,0xF7,0xD0,0x15,0xF3,0x01,
0x15,0xEF,0x21,0x4E,0x07,0x91,0x5E,0xB1,0x09,0xCC,0x01,0x20,0x80,0x80,0x18,0x27,0xE2,0xC1,0x96,0xA0,0x15,0xEA,0x01,0x5E,
0x00,0x82,0x00,0x19,0x19,0xCC,0x01,0x20,0x80,0x40,0x15,0xEB,0xA0,0xC1,0x96,0xA0,0x8F,0x81,0x69,0x5E,0x9F,0x21,0x5F,0x04,
0x06,0x7F,0x03,0x8F,0x8A,0x60,0x8F,0x81,0x64,0x8F,0x99,0x68,0x8F,0x86,0xC0,0x88,0x08,0x94,0x89,0x60,0xC4,0x8A,0x65,0x8B,
0x5E,0xE0,0x8F,0x9D,0x81,0x8B,0x08,0xB1,0x99,0x00,0x00,0x2C,0x3E,0x6F,0xFF,0xF7,0x60,0x00,0x08,0x9B,0x81,0x80,0x9B,0x40,
0x01,0x8B,0x21,0x94,0x85,0x4B,0x00,0x81,0x4B,0x29,0x00,0x61,0x67,0xFF,0xEF,0x85,0x42,0x60,0x9B,0x3F,0x10,0x8E,0xC0,0x27,
0x9B,0x41,0x68,0x00,0x20,0xB1,0x01,0x71,0x41,0x5E,0xF0,0x8B,0x2C,0x94,0x8E,0xC0,0x12,0x99,0x00,0x00,0x10,0x87,0x09,0xB0,
0x01,0x88,0xB8,0x08,0x28,0xBA,0x05,0x00,0xA4,0x20,0x48,0x96,0x21,0x19,0x82,0x59,0x00,0x00,0x40,0x51,0x80,0x09,0x4E,0xB5,
0x20,0x00,0x00,0x85,0x2C,0x85,0x14,0xF1,0x00,0x99,0x00,0x00,0x9B,0x31,0x68,0x00,0x04,0xA1,0x4E,0xC7,0x41,0x7F,0xAF,0x8B,
0xCC,0x01,0x01,0x80,0x01,0x15,0xF2,0x09,0xC0,0xEC,0xE2,0x02,0x00,0x00,0x2C,0x80,0x08,0x00,0x00,0x99,0x5F,0x40,0x9B,0x20,
0x01,0x02,0x30,0x71,0x14,0xEA,0x02,0x01,0xC0,0x1C,0x0E,0xCE,0x10,0x10,0x02,0x9C,0x5F,0xC1,0x14,0xF0,0x20,0x15,0xFC,0x11,
0x15,0xFE,0x03,0x0C,0x40,0x19,0x5F,0x14,0x01,0x5F,0x14,0x90,0x5F,0xE0,0x08,0x01,0xAF,0x00,0x00,0x01,0x14,0xEC,0x71,0x7F,
0xB0,0x62,0x00,0x08,0x01,0x5F,0x61,0x01,0x80,0x20,0x00,0x00,0x30,0x00,0x00,0x00,0x6D,0xFC,0x00,0x80,0x87,0x86,0xF1,0x80,
0xC1,0x5F,0xF0,0x6D,0x00,0x00,0x01,0x88,0xE8,0x14,0xED,0x00,0x14,0xF8,0x91,0xCF,0x40,0x00,0x05,0x00,0x00,0x00,0x00,0x8F,
0x4C,0x10,0x9A,0x50,0x00,0x34,0x60,0x08,0x20,0x11,0x11,0x93,0x58,0x82,0x0F,0x20,0x08,0x55,0x80,0x85,0xEC,0x44,0x08,0x40,
0x02,0x8E,0x10,0x18,0x1C,0x00,0x48,0xEC,0xFF,0x91,0x93,0x01,0xEE,0x00,0x04,0x14,0x80,0x00,0x9A,0x42,0x01,0x8D,0x94,0x38,
0x76,0x76,0x29,0xCC,0x02,0xA8,0x5C,0x0C,0x81,0x4F,0xE9,0xC0,0xDE,0x40,0x6F,0xF0,0x04,0x14,0xFA,0x06,0x90,0x14,0x01,0x99,
0x88,0x81,0xCF,0xFC,0xA6,0x0E,0x1A,0x8A,0x83,0x45,0x8F,0x9F,0x43,0x8F,0x83,0xA0,0x1C,0x02,0x00,0x82,0x07,0xC8,0xB5,0xCB,
0x18,0xB5,0xC6,0x1B,0xB5,0xC3,0x88,0x94,0x0B,0x94,0xFF,0x08,0x14,0xFD,0x22,0x10,0x0C,0x00,0x2A,0xC5,0xA7,0x1D,0x45,0x99,
0x90,0xC0,0x8A,0xC5,0xC0,0x08,0x84,0x29,0x02,0xB0,0x49,0x90,0xA8,0x28,0xB4,0x84,0x48,0xAC,0x38,0x02,0xAC,0x14,0x21,0x00,
0xB0,0x20,0x11,0x58,0x94,0xF5,0x41,0x4F,0xF7,0x02,0x75,0x52,0x11,0x5F,0x32,0x15,0x90,0xC0,0x1B,0x00,0x80,0x20,0xF1,0x09,
0x02,0xB8,0x89,0x90,0xB6,0x39,0x90,0x80,0x41,0x4F,0x96,0x02,0x5E,0xF0,0x02,0xB4,0xB4,0x14,0xF1,0x91,0x15,0xED,0x51,0x5E,
0xE9,0x31,0x4E,0x71,0x81,0x4E,0x55,0x15,0x7D,0x94,0x17,0xE1,0x10,0x17,0xDD,0x31,0x17,0xD5,0x11,0x7D,0xCD,0x22,0x75,0x52,
0x00,0x2C,0x86,0x17,0x00,0x38,0x99,0x00,0x45,0x9B,0x01,0x80,0x8C,0x21,0xB1,0x01,0x80,0x05,0x5C,0xB1,0x09,0x10,0x42,0x8B,
0x90,0x00,0x18,0x25,0x08,0xD5,0xF2,0x39,0x02,0xC0,0x48,0x54,0x34,0x98,0x44,0x28,0x19,0x90,0xC0,0x8C,0x5C,0x32,0x95,0xF6,
0xC3,0x03,0x7C,0x03,0x90,0x41,0x59,0x80,0x0C,0x00,0x37,0x81,0x81,0x5E,0xE1,0x99,0x80,0x60,0x8F,0x98,0x20,0x8F,0x84,0xE8,
0x86,0x0B,0x10,0x88,0x40,0x91,0x7D,0x49,0x31,0x4F,0x87,0x8B,0x7C,0xC9,0x8D,0x94,0x88,0x8D,0x9C,0xA1,0x8A,0xC7,0x91,0xA7,
0x30,0x21,0xA6,0xB9,0x09,0xB0,0x19,0x8F,0xB8,0x06,0x18,0xD8,0x43,0x80,0x00,0x28,0x18,0xD0,0x38,0xD9,0x13,0x08,0xD9,0xCA,
0x31,0x82,0x34,0x10,0xB4,0xCF,0x08,0xA3,0x19,0x08,0x82,0x78,0xD4,0xF4,0x18,0xAC,0x99,0x47,0x28,0x24,0x98,0xD9,0x73,0x88,
0xD9,0xFA,0x17,0xD0,0xC3,0x50,0x02,0x48,0x59,0x88,0x18,0xB4,0x08,0x78,0xBA,0x09,0x38,0xF3,0x26,0x10,0xB0,0x6D,0x58,0xA6,
0x14,0x94,0xFC,0x16,0x8F,0x31,0x44,0x19,0x0C,0x00,0x37,0x81,0x00,0x37,0xC0,0x99,0x2B,0xC1,0x99,0x0C,0x61,0x99,0x00,0x00,
0x8D,0x81,0x91,0x5F,0xF8,0x01,0x99,0x83,0x17,0x3E,0x09,0x8C,0x5C,0x33,0x7A,0x3D,0xFA,0x05,0x11,0x83,0x18,0x0C,0x39,0xB3,
0xFF,0xC9,0xB4,0x11,0x08,0xB8,0x00,0x7F,0xC8,0x23,0x80,0x02,0x0C,0x01,0x01,0x16,0x03,0x90,0xD8,0x50,0xF6,0x10,0x00,0x00,
0x00,0x2B,0xE0,0xD5,0x99,0x82,0x99,0x00,0x23,0x76,0x02,0x41,0x99,0x08,0x00,0x2C,0x8A,0x67,0x5C,0x32,0x98,0x00,0x02,0x8E,
0xC9,0x33,0x9B,0x41,0x08,0x73,0x80,0x86,0x85,0xC3,0xB1,0x7E,0xC0,0x89,0x7D,0xC3,0x18,0xD9,0x43,0x85,0xD9,0x51,0x19,0x34,
0x98,0x9E,0x16,0x38,0xD5,0xF3,0x37,0xCC,0x9C,0xA1,0x7D,0xC8,0x27,0xA3,0x98,0x8D,0xA4,0x40,0x19,0x98,0x0A,0x01,0xC0,0x99,
0x00,0x00,0x19,0xA4,0x98,0x51,0x7D,0x83,0x87,0xA8,0x1A,0x2F,0x00,0x01,0x7A,0x29,0x40,0x9A,0x44,0x00,0x8C,0x80,0x85,0x93,
0x95,0x1B,0x42,0x03,0x89,0x5E,0xC3,0x8D,0xB0,0x9B,0x8D,0x9D,0x0D,0x19,0x9C,0x27,0x7A,0x2C,0x80,0x18,0x21,0x39,0xA4,0x3F,
0x88,0xEC,0x06,0x34,0xB1,0x40,0xFF,0xFF,0x06,0x33,0xA6,0x48,0x34,0x63,0x00,0x1C,0x00,0x01,0x5E,0xA0,0x09,0x04,0x00,0x00,
0x00,0x00,0x6D,0x86,0x40,0x88,0x01,0x00,0x15,0xEA,0x03,0x39,0x40,0x21,0x94,0x04,0x00,0x2C,0x44,0x8B,0xCD,0x10,0x99,0x00,
0x64,0x76,0x02,0x27,0x99,0x00,0x00,0x2C,0x88,0x06,0xC2,0x24,0x63,0x39,0x50,0x19,0xB4,0x0C,0x01,0x80,0x04,0x00,0x00,0x09,
0x00,0x00,0x40,0x10,0x3E,0x0F,0xFF,0xFE,0xCF,0xFF,0xFB,0x9B,0x00,0x06,0x9B,0x3E,0x01,0x9B,0x00,0x40,0x9B,0x40,0x60,0x00,
0x82,0x01,0x7C,0x52,0x19,0xB0,0x06,0x8B,0x2A,0x1E,0x6C,0x82,0x00,0x80,0x00,0x10,0x8F,0x98,0xA1,0xB0,0x01,0xA0,0x00,0x01,
0xF0,0x00,0x00,0x9B,0x5E,0x81,0x02,0x80,0xFC,0x00,0x00,0x01,0x9A,0x43,0xFF,0xFF,0x02,0x06,0xC2,0x20,0x01,0xB0,0x0D,0x08,
0xB6,0x10,0x01,0xC1,0x00,0x00,0x00,0x08,0x15,0xE8,0x10,0x00,0x40,0x40,0x80,0x30,0x00,0x81,0x10,0x90,0x00,0x00,0x00,0x00,
0x40,0x08,0x81,0x00,0x10,0x00,0x05,0x30,0x30,0x09,0x04,0x01,0x41,0xB0,0x0D,0x19,0xB0,0x05,0xF3,0xC1,0x0D,0x01,0x00,0x51,
0x02,0x80,0x21,0xB0,0x00,0x01,0xB0,0x05,0x75,0x4F,0xA4,0x00,0xAA,0xA8,0x90,0xAC,0x91,0x9A,0x40,0xAA,0x99,0x00,0x00,0x2C,
0x00,0x01,0x5E,0x81,0x00,0x2A,0x61,0x00,0xC5,0x48,0x99,0x00,0x00,0x08,0x02,0x56,0x01,0x81,0x30,0x00,0x00,0x01,0x5F,0x60,
0x21,0x5C,0x32,0x00,0x0F,0xA4,0x14,0xC9,0x00,0x9C,0xC0,0x1C,0x8F,0x40,0x00,0x00,0x9F,0xA1,0x5F,0x61,0xC2,0x10,0x39,0x8F,
0x80,0x34,0x1B,0x7F,0xA8,0x08,0x83,0x00,0x9A,0x40,0xAA,0xAA,0xC2,0x21,0x4C,0x82,0x47,0x75,0x00,0x15,0x58,0x01,0x14,0xFA,
0x30,0x10,0x44,0x08,0x15,0xC9,0x21,0x4C,0xC0,0x00,0xFC,0x04,0x11,0x4E,0x64,0x9C,0x4C,0x22,0x50,0x06,0xA1,0x8B,0x61,0x85,
0x8D,0xA0,0x41,0x5C,0xA6,0x21,0x4E,0x71,0x09,0xC0,0x01,0x8B,0x5C,0x82,0x08,0x13,0x2E,0xC0,0xFF,0xA1,0x14,0xE4,0x59,0xA4,
0x00,0x11,0x7C,0x48,0x11,0x5F,0x21,0xE0,0x4F,0x09,0x8D,0x91,0xE0,0x8D,0x99,0x81,0x84,0xC7,0x91,0x4F,0xB3,0xC2,0x06,0x39,
0x19,0x01,0x40,0x31,0xCF,0xE0,0x27,0xB2,0x93,0x08,0x03,0x01,0x31,0xA0,0x41,0x80,0x00,0x43,0x14,0x64,0x91,0x4F,0xF4,0x1C,
0xCC,0x00,0x14,0xFB,0x00,0x15,0xFD,0x39,0x06,0x38,0x20,0x00,0xFC,0x01,0x4F,0xA9,0x09,0x01,0x40,0x15,0xCF,0xFC,0x14,0xFE,
0x04,0x31,0x41,0x01,0x0A,0x00,0x01,0xC0,0x61,0x13,0x10,0x25,0x49,0x0A,0xC7,0x20,0x4F,0xD1,0x31,0xA0,0x00,0x14,0xFB,0x91,
0x14,0xFF,0x08,0x50,0x09,0x09,0x90,0x00,0x00,0x0E,0x00,0x58,0x00,0x00,0x26,0x54,0x08,0x15,0xF9,0x00,0x1B,0x0A,0x16,0xC2,
0xC0,0xE1,0x80,0x18,0x08,0xBA,0x00,0x01,0xC8,0x00,0x14,0xFC,0x00,0x14,0xFE,0x18,0x15,0xF8,0x09,0xA4,0xFF,0xC8,0x40,0xD2,
0x98,0xC2,0x08,0x0F,0xCC,0x82,0x54,0xFA,0x10,0x1E,0x80,0x08,0x01,0x00,0x50,0x80,0x00,0x31,0x4F,0xA9,0x01,0x4F,0xA9,0x01,
0x05,0x00,0x00,0x00,0xFC,0x00,0x00,0x00,0x8F,0x40,0x01,0xCF,0x00,0x19,0xA4,0x80,0x02,0x1E,0x2A,0x0A,0x80,0x40,0x00,0x94,
0x22,0x18,0x11,0x80,0x8B,0x84,0x01,0xE8,0xF8,0x00,0x80,0x40,0x10,0x54,0x17,0x8C,0x00,0x00,0x6E,0x00,0x70,0x30,0x40,0x00,
0x9A,0x48,0x00,0x09,0x11,0x83,0x01,0x04,0x21,0x80,0x91,0x18,0x29,0x09,0x1E,0x82,0x00,0x08,0x04,0x40,0x00,0x00,0x00,0x00,
0x01,0x23,0xBA,0x20,0x20,0x80,0x44,0x18,0x0E,0x31,0x21,0x94,0x30,0x8D,0xA4,0x02,0x01,0x00,0x53,0x84,0x95,0x02,0x25,0x31,
0x00,0x90,0x30,0x8F,0x21,0x08,0x09,0x82,0x00,0x9C,0x80,0x00,0x8F,0x40,0x00,0x00,0x00,0x20,0x00,0x00,0x20,0x80,0x40,0x0A,
0x00,0x00,0x21,0xD5,0x00,0x02,0x00,0x60,0x00,0x00,0x03,0x01,0x01,0x21,0xB0,0x00,0x03,0xBE,0x50,0x18,0x24,0x44,0x8F,0x40,
0x00,0x9C,0x80,0x00,0x8F,0x40,0x00,0x00,0x43,0xFF,0xFF,0xF8,0x02,0x00,0x08,0x9A,0x07,0x10,0x30,0x11,0x0D,0x1B,0x00,0x03,
0x20,0x11,0x8A,0x00,0x19,0xA2,0x7E,0x10,0x02,0x7E,0x10,0xC1,0xD2,0x50,0x08,0x11,0x00,0x99,0x04,0x00,0x27,0xF1,0x09,0xA4,
0x43,0x09,0x01,0x40,0x00,0x00,0x00,0x03,0xA1,0x02,0x08,0x01,0x42,0x18,0x21,0x40,0x00,0x00,0x00,0x80,0x45,0x91,0xC0,0x04,
0x08,0x50,0x10,0x02,0x82,0x61,0x00,0x00,0x75,0xA0,0x14,0xB0,0x8D,0x81,0x49,0x82,0xC9,0xD0,0x83,0x62,0x18,0xB4,0x14,0x84,
0x90,0x00,0x18,0xC8,0xA8,0x5B,0x18,0x29,0x0D,0x1E,0x48,0xD8,0x18,0x49,0xA4,0x40,0x38,0x40,0x93,0x30,0xC0,0xE0,0x00,0x00,
0x02,0xB0,0x2A,0x16,0x99,0x00,0x00,0xD1,0x00,0x00,0xD1,0x25,0x24,0x1C,0x04,0x99,0x4F,0xF9,0x8C,0x0E,0x6D,0x84,0x98,0x11,
0x8D,0xA2,0xAA,0x01,0x40,0x03,0x01,0x91,0xFF,0xFF,0xFD,0x8F,0x11,0xF2,0x9A,0x43,0x86,0xA0,0x00,0xDC,0x20,0x00,0xE3,0x01,
0x27,0x40,0x18,0x12,0x00,0x00,0x00,0x6C,0xE8,0x1C,0x00,0x00,0x00,0x30,0x70,0x36,0x01,0x80,0x60,0x00,0x00,0x08,0xB7,0xF7,
0x69,0x04,0x03,0x00,0x00,0x00,0x88,0x0D,0x5F,0xB0,0x71,0x60,0x30,0x84,0x36,0xD3,0x9C,0xF7,0x7E,0xF6,0x1C,0x80,0xD6,0x76,
0x07,0x43,0x90,0x40,0x14,0x00,0x00,0x03,0x8B,0x4D,0x7F,0x07,0x9C,0xF7,0x7E,0xF6,0x60,0x00,0x00,0x76,0x01,0x96,0x08,0x0D,
0x23,0x08,0x1C,0x63,0x00,0x00,0x00,0x80,0x8F,0x60,0x81,0x36,0x02,0x7D,0xB0,0x76,0xB4,0x89,0x00,0x00,0x71,0x30,0x10,0x48,
0x08,0x10,0x03,0x05,0xFD,0x01,0x4F,0xB0,0x00,0xFB,0x92,0x15,0x4F,0xA2,0x9C,0xC0,0xC0,0x54,0x22,0x11,0x84,0x0F,0x49,0x5F,
0x40,0x41,0x4F,0xE9,0x00,0x05,0x00,0x8B,0xCF,0xFC,0x30,0x81,0x04,0x8F,0x40,0x01,0x20,0x60,0x93,0x19,0x43,0xFF,0xC0,0x00,
0x12,0x7C,0x29,0x9A,0x40,0x01,0x8B,0x0C,0x22,0x9A,0x40,0x00,0x8C,0x2C,0x34,0x80,0x0A,0x19,0xC0,0x0A,0x23,0x20,0x20,0x8B,
0x38,0x10,0x8C,0xE0,0xD9,0x70,0xA8,0x97,0x05,0x13,0x91,0x4F,0xFF,0x00,0x00,0x00,0x18,0xBE,0x02,0x15,0x18,0x1A,0x32,0xD0,
0xC5,0x20,0xB0,0x80,0x9A,0x42,0x0C,0x49,0x84,0xA2,0x7E,0x08,0x05,0x5F,0x90,0x8D,0x4F,0xB2,0x8F,0x20,0x3D,0x8D,0x82,0xB1,
0x17,0xF5,0x51,0x4F,0xC0,0x00,0xFB,0x92,0x01,0x98,0x82,0x9C,0xB0,0x41,0x8F,0x40,0xE1,0x84,0x01,0x01,0x84,0x03,0x09,0x5F,
0x89,0x41,0x7F,0x44,0x05,0x5F,0x80,0x8D,0x4F,0xA2,0x84,0x98,0x20,0x85,0x05,0x25,0x30,0x83,0x19,0xA4,0x9C,0x51,0x4F,0x2C,
0x11,0x01,0x14,0xC4,0xA5,0x00,0x8B,0xA0,0x10,0x01,0x81,0x09,0x00,0x00,0x01,0x00,0x4A,0x81,0x98,0x81,0x00,0x63,0x24,0x76,
0xFD,0x18,0x9C,0xC0,0x01,0x86,0x07,0x0A,0x9A,0x40,0x80,0x00,0x80,0x29,0x4E,0xE1,0x08,0xB5,0x82,0x8D,0xB0,0x34,0x1B,0x79,
0x02,0x15,0xFE,0x06,0x36,0x81,0x40,0x10,0x00,0x01,0xB0,0x08,0x90,0x00,0x00,0x1B,0xCF,0xF6,0x14,0xFC,0x00,0x00,0x50,0x01,
0x1C,0x00,0x41,0x00,0xC2,0x01,0x4F,0xD9,0x09,0xCC,0x00,0x84,0x98,0x11,0x15,0xFF,0xB0,0x0F,0xC0,0x41,0x15,0xFE,0x01,0x4F,
0xC0,0x00,0x2D,0xEE,0x01,0x5F,0xE0,0x9C,0x3F,0x81,0x00,0x00,0x08,0x99,0x0C,0x00,0x10,0x00,0x07,0xA3,0x80,0x70,0x00,0x00,
0x05,0x70,0x40,0x01,0x3F,0xC1,0x00,0x00,0x40,0x99,0x0C,0x00,0x7B,0x00,0x85,0x30,0x01,0x00,0x00,0x00,0x91,0x4F,0xA0,0x10,
0xCF,0xFC,0x14,0xFC,0x24,0x00,0x50,0x01,0x8F,0x80,0x82,0x04,0x9F,0x8D,0xC0,0x10,0xA6,0x7E,0x9A,0x8F,0x04,0x43,0x8F,0x9F,
0x73,0x8F,0x81,0x6B,0x8D,0x41,0x05,0x80,0xF7,0x39,0x92,0x00,0x09,0x92,0x00,0x14,0x92,0x00,0x02,0x02,0xD0,0x02,0xFC,0x09,
0x02,0xFE,0x01,0x5F,0x01,0x03,0x10,0x26,0x61,0x5F,0xB0,0x20,0x0B,0x00,0x14,0xF5,0xF0,0x20,0x51,0x03,0x08,0xA0,0x31,0x4E,
0x70,0x89,0x90,0x00,0x01,0x4F,0x33,0x27,0x80,0xD1,0x25,0x80,0x44,0x15,0xF9,0x11,0x8F,0x8D,0x60,0xA8,0xE4,0x20,0x8B,0x42,
0x50,0x89,0x41,0x27,0xA8,0x09,0x8D,0x08,0x11,0x08,0x84,0x29,0x00,0x02,0x11,0x4F,0x07,0xD1,0x5E,0xD2,0xC1,0x5E,0x90,0x0C,
0x03,0x80,0x17,0xEB,0xF2,0x15,0xE7,0x49,0x14,0xE5,0x91,0x4F,0x08,0x31,0x4E,0x30,0x39,0x90,0x00,0x1B,0x5F,0x41,0x1B,0x06,
0x80,0x25,0x80,0x01,0x14,0xF0,0x19,0x03,0xE8,0x01,0x5E,0x64,0x01,0x4F,0xE2,0x15,0x58,0x00,0x8F,0x40,0x01,0x99,0x00,0x02,
0x15,0xF4,0x11,0x4F,0xE8,0x09,0x03,0x80,0x31,0x5E,0x64,0x15,0x4E,0x10,0x1B,0x06,0x00,0x14,0xFE,0x21,0x1B,0x04,0x39,0x90,
0x80,0x01,0x5F,0x41,0x19,0x03,0x80,0x25,0x5E,0x64,0x14,0xF0,0xE2,0x15,0xE8,0x01,0x8F,0x40,0x01,0x4F,0x81,0x61,0x5E,0xC1,
0xC5,0x5E,0x84,0x8F,0x82,0x21,0x8F,0x92,0x84,0x8D,0x03,0x10,0x8B,0x80,0x26,0x06,0xF8,0x25,0x4F,0x22,0xF1,0x4E,0xE6,0x8C,
0x88,0x92,0x0C,0x92,0xC1,0x14,0xE0,0x30,0x15,0xF5,0x19,0x15,0xFF,0x41,0x7F,0x3C,0x68,0x85,0x96,0x95,0x5F,0xC1,0x8C,0xE1,
0x32,0x1B,0x00,0x21,0x00,0x00,0x03,0x01,0x01,0x99,0x18,0x43,0x11,0x5F,0x14,0x6E,0x41,0x04,0x15,0xFA,0x00,0x20,0x23,0x47,
0x01,0x80,0x60,0x00,0x00,0x09,0xA4,0x00,0x28,0xB4,0x26,0x00,0x02,0x11,0x00,0xC8,0x59,0x81,0x05,0x95,0x01,0x05,0x75,0x02,
0x0C,0x69,0x5F,0x80,0x11,0x5F,0xC2,0x86,0xA0,0x00,0x8D,0x02,0x03,0x21,0xC0,0x00,0x30,0x14,0x00,0x80,0x40,0x61,0x4E,0xA3,
0x78,0xCF,0x80,0x8B,0xB2,0x22,0x02,0x70,0xC2,0xD4,0xFD,0x28,0x17,0xF9,0xF5,0x40,0xF8,0xD9,0x04,0x0E,0xC1,0x4E,0xF2,0x17,
0x3F,0x18,0xD7,0xF2,0x00,0x9A,0x48,0x00,0x18,0x11,0x80,0x00,0x80,0x09,0x1C,0x4B,0x05,0x40,0xC0,0x1E,0x20,0x01,0xC8,0x00,
0x17,0x14,0xEF,0x07,0x18,0x02,0x00,0x21,0xF6,0x00,0x00,0x00,0x02,0xE1,0x81,0x15,0x00,0x04,0x99,0x00,0x43,0x9B,0x00,0x70,
0x99,0x00,0x02,0xE0,0xC0,0xD9,0x90,0x00,0x06,0xD0,0x18,0x02,0x00,0x08,0x2E,0x00,0x00,0x9B,0x00,0x48,0x02,0x20,0x40,0x00,
0x00,0x00,0x10,0x06,0x03,0xDC,0x60,0x00,0xDC,0x41,0x99,0x00,0x08,0x99,0x00,0x03,0x6E,0x80,0xC6,0xC9,0x94,0xC2,0x17,0x00,
0x0F,0x0E,0x81,0x8F,0x08,0x00,0x85,0x03,0x70,0x84,0x01,0x25,0x30,0xA3,0x31,0x5F,0xC0,0x1C,0x0D,0xB6,0x00,0x00,0x00,0x9C,
0x5F,0x64,0x84,0xC1,0x94,0x8D,0x22,0x09,0x17,0xF8,0xD2,0x7F,0x40,0x11,0x7F,0x2C,0xE0,0x00,0x00,0x90,0x7F,0x2C,0x0C,0x09,
0xE1,0x17,0xF8,0xD1,0x05,0x10,0x61,0x4E,0xFC,0x25,0x40,0xD2,0x29,0xA4,0x00,0x14,0x00,0x89,0x6D,0x05,0x02,0x01,0x00,0x17,
0x9A,0x40,0x0C,0x80,0x01,0x41,0x5F,0xE0,0xA8,0xB4,0x14,0x8B,0xB2,0x00,0x1B,0x00,0x41,0x34,0x30,0xA8,0x55,0xF0,0x41,0x5F,
0xF9,0x11,0x7F,0xDA,0x00,0x2E,0x62,0x14,0x5F,0x04,0x9C,0xC0,0x90,0x27,0x69,0x01,0x17,0xFC,0x01,0x02,0x00,0x00,0x80,0x81,
0x41,0xB0,0x0A,0x00,0x92,0x00,0x02,0x30,0x92,0x15,0xFA,0x49,0x02,0xFE,0x13,0x22,0x00,0x09,0x90,0x00,0x00,0x21,0x0E,0x00,
0x00,0x91,0x02,0x02,0xEC,0x14,0xF8,0x25,0x99,0x0C,0x00,0x2F,
};

const uint8_t cs40l50_fw_block_42[] = {
0xC0,0x43,0x0A,0x92,0x03,0x19,0x91,0x01,0x2F,0xC1,0x00,0x00,0x00,0x99,0x20,0x00,0x00,0x00,0x09,0x04,0xE2,0x29,0x92,0x00,
0x11,0x4E,0x22,0xD4,0x4E,0x49,0x02,0x02,0x00,0x02,0x50,0x91,0x00,0x00,0x09,0x90,0xFC,0x20,0x25,0x04,0x00,0x00,0x00,0x02,
0x92,0x00,0x00,0x00,0x00,0x31,0x99,0x19,0x02,0xFC,0x10,0x05,0x40,0x01,0xCF,0xF0,0x03,0x0F,0x20,0x8F,0x00,0x13,0x8D,0x40,
0x60,0x18,0x01,0x22,0x21,0x65,0x43,0x64,0x29,0x00,0xC3,0x9C,0xE3,0x17,0x60,0x34,0xE3,0x42,0x1C,0x00,0x84,0x8B,0xE0,0x05,
0x8C,0xF8,0x26,0x69,0x08,0xE1,0x5F,0xD2,0x31,0x5F,0x70,0x0C,0x02,0x62,0x15,0xFB,0x88,0x20,0x96,0x42,0x15,0xF9,0x19,0x15,
0xF5,0x91,0x7F,0xFE,0x61,0x5F,0x32,0x94,0x5E,0xF6,0x20,0x28,0x99,0x15,0xF1,0x41,0x9A,0x00,0x00,0x34,0x64,0x09,0x90,0x40,
0x29,0x90,0x40,0x34,0x5F,0xC0,0x20,0x0A,0x28,0x20,0x0C,0x31,0x9C,0xC0,0x1C,0x0E,0x40,0x01,0x98,0x10,0x05,0x5F,0xC0,0x8F,
0xA5,0x71,0x8D,0x21,0x05,0x8D,0x40,0x01,0x8F,0x8A,0x82,0x16,0x9B,0xD0,0x00,0x00,0x08,0x5C,0x10,0x0C,0x5F,0x22,0x10,0x8A,
0xA3,0x15,0xF8,0x11,0x15,0xEE,0x61,0x5F,0xF6,0x01,0x5F,0x04,0x01,0x00,0xB0,0x15,0x1C,0x25,0x8F,0x40,0xDC,0x8F,0x9D,0x42,
0x15,0xF3,0x50,0xC1,0x14,0x70,0xA0,0xA5,0x18,0xBE,0x02,0x20,0xD0,0x01,0x08,0x8C,0x04,0x31,0x1A,0x08,0x88,0x0C,0x58,0xCE,
0x0E,0x08,0xB8,0x1A,0xC8,0xCF,0x80,0x88,0xCE,0x14,0x57,0xEB,0x10,0x17,0xEF,0xD8,0x55,0xF1,0x68,0xB8,0xED,0x78,0xCE,0x14,
0x20,0x74,0x67,0x95,0x7E,0x7D,0x55,0xE9,0x22,0x20,0xB6,0x51,0x20,0x09,0x63,0x0F,0x05,0x71,0x02,0xC8,0x80,0x00,0x06,0x18,
0xC0,0xED,0x9A,0x40,0xE8,0x8D,0x96,0x18,0x01,0x91,0xB8,0xD9,0xB7,0x48,0x5C,0x0C,0x17,0xA3,0x41,0xA0,0xCD,0xC2,0x10,0x0C,
0x83,0x99,0x0C,0x00,0x99,0x0C,0x00,0xCD,0x01,0x27,0xA2,0x1B,0x97,0xA3,0x52,0x7B,0xA5,0x00,0x73,0xE0,0x43,0x73,0x85,0x99,
0x00,0x00,0x07,0xA2,0xE1,0x27,0x38,0x9A,0x17,0x3E,0x0A,0x73,0x4B,0x15,0x73,0xA5,0x01,0x74,0x8C,0x30,0x1B,0x00,0x88,0x50,
0x00,0xA0,0x10,0x12,0x01,0xB0,0x04,0x1B,0x19,0x3E,0x8F,0x40,0x00,0x8D,0x22,0x0A,0x08,0x0C,0x09,0x90,0x30,0x48,0xD8,0x08,
0xA1,0x99,0xC1,0x0D,0x00,0x00,0x9B,0x00,0x03,0x9A,0x50,0x00,0x7A,0x34,0x30,0x4E,0x00,0xC8,0xCF,0x86,0x81,0xB0,0x04,0x1B,
0x3E,0x13,0x5B,0x00,0x51,0x6E,0x02,0x27,0x17,0xE6,0xE7,0x38,0x40,0x61,0x7E,0x7F,0x03,0x06,0x26,0x07,0xB0,0x13,0x00,0x00,
0x36,0x8B,0x40,0xD9,0x30,0x45,0x33,0x06,0xE0,0x60,0x00,0x00,0x03,0x2C,0x72,0x01,0x04,0x00,0x00,0x00,0xB0,0x27,0xFA,0x59,
0x94,0xEA,0x61,0x00,0xEA,0x60,0x2D,0x19,0x00,0x00,0x00,0x14,0x00,0x00,0x00,0x00,0x84,0x02,0x81,0x40,0x00,0x00,0x00,0x82,
0x90,0x30,0x00,0x00,0x06,0xDF,0xCC,0x02,0x00,0x00,0x00,0x00,0x07,0x32,0xD7,0x40,0x08,0x08,0x40,0x29,0xEE,0xC0,0x00,0x00,
0x71,0x4E,0x64,0x17,0x04,0x01,0x01,0xC0,0x70,0x30,0x45,0x09,0x1B,0x00,0x83,0x2C,0x00,0x21,0x4E,0x64,0x43,0x2E,0x74,0x01,
0x01,0x4A,0x14,0xE6,0x29,0x8B,0xE0,0xA2,0x01,0x83,0xD2,0x01,0xEF,0x10,0x00,0x00,0x02,0x58,0x60,0x15,0x5E,0xB2,0x99,0x00,
0x60,0x00,0xE0,0x01,0x00,0x00,0x01,0x5F,0xF2,0x12,0x04,0x02,0x02,0x7F,0x4A,0x15,0x0A,0x42,0x34,0x24,0x02,0x08,0x04,0x49,
0x75,0x00,0x18,0xEC,0x02,0x53,0x50,0x10,0x01,0x5E,0x83,0x0A,0x04,0x64,0x00,0x00,0x74,0x00,0x00,0x03,0x6D,0xFE,0x43,0x04,
0x01,0x81,0x5F,0x81,0x13,0x05,0xA5,0x01,0xB0,0x04,0x1B,0x00,0xC3,0x02,0xA1,0x31,0x15,0xF8,0x11,0x5E,0x02,0x59,0xA8,0x56,
0x18,0xB8,0x1A,0x08,0x5F,0xA6,0x80,0x02,0x01,0x15,0xEE,0x41,0x08,0x27,0x19,0x07,0x5B,0x40,0x80,0x74,0x10,0x00,0x00,0xF0,
0x82,0x94,0x31,0x37,0x84,0x32,0x0C,0x40,0x00,0x00,0x00,0x83,0x09,0x40,0x00,0x00,0x40,0x29,0x1F,0x08,0x00,0x00,0x30,0x14,
0x00,0x00,0x00,0x00,0x15,0xFA,0x20,0x00,0x74,0x46,0xDF,0xE4,0x63,0x17,0x54,0x31,0x5E,0xB2,0x90,0x40,0x81,0x00,0x00,0x01,
0x00,0x00,0x01,0x5F,0xE8,0x30,0x80,0x24,0x20,0x00,0x21,0x15,0x05,0x60,0x9A,0x85,0x01,0x8B,0x81,0x83,0x6D,0xFC,0x06,0xE0,
0x10,0xA3,0x05,0x70,0x09,0x90,0x00,0x05,0x0E,0x00,0x1B,0x00,0x00,0x25,0x7A,0x00,0x15,0xF8,0x00,0x00,0xF6,0x01,0x5F,0x81,
0x01,0xB0,0x00,0x15,0x5F,0x02,0x8F,0x40,0x00,0x8F,0x9E,0x81,0x14,0xF1,0x00,0x00,0x84,0x06,0xF8,0x00,0x71,0x5E,0xF2,0x08,
0x5E,0x82,0x01,0x82,0x40,0x00,0x00,0x01,0x00,0x00,0x03,0x04,0x80,0x40,0x1C,0x1E,0x00,0x00,0x00,0x6E,0x58,0x20,0x00,0x00,
0x00,0x99,0x00,0x02,0x00,0xE0,0x00,0x00,0x40,0x00,0x00,0x00,0x02,0x58,0x40,0x8F,0x5F,0x60,0x99,0x00,0x00,0x00,0xE0,0x01,
0x8F,0x40,0x00,0x00,0x9F,0x65,0x5F,0x60,0xE1,0x5E,0xE1,0x8F,0x40,0x10,0x8F,0x81,0x00,0x31,0xA0,0x08,0x20,0x61,0x08,0x54,
0xD1,0x01,0x09,0x10,0x20,0x88,0x00,0x27,0x80,0x04,0x18,0x21,0x50,0x27,0xC0,0x00,0x90,0x40,0xAF,0x0F,0x41,0x40,0x10,0x29,
0x10,0x21,0x25,0x30,0x5E,0x83,0x15,0xEE,0x40,0x15,0xEA,0x21,0x27,0xD4,0xA0,0x80,0xE0,0x03,0x05,0x61,0x97,0x3E,0x00,0x8B,
0x90,0x00,0x6E,0x00,0x00,0x04,0x41,0x19,0x25,0x7A,0x40,0x00,0x11,0x60,0x00,0x00,0x00,0x80,0x20,0x02,0x00,0x21,0x00,0x00,
0x0F,0x9A,0x84,0x00,0x6E,0x04,0x00,0x1C,0x00,0x80,0x00,0x00,0x00,0x0E,0x04,0x1B,0x00,0x00,0x30,0x21,0x00,0x15,0xF8,0x00,
0x01,0x00,0x90,0x00,0xE0,0x41,0x5F,0x80,0x01,0x5F,0xA0,0x00,0x02,0x00,0x00,0x00,0x10,0x00,0x00,0x03,0x6D,0xFC,0x03,0x02,
0x00,0x21,0x5E,0xE1,0x10,0x00,0x00,0x01,0x29,0x0E,0x15,0xEE,0x80,0x08,0x02,0x40,0x1B,0x00,0x81,0x5F,0xFA,0x13,0x01,0x04,
0x43,0x01,0x14,0x15,0x20,0x24,0x6D,0x02,0x01,0x20,0x00,0x83,0x8B,0x40,0x97,0x04,0x40,0x21,0x4F,0xE4,0x0B,0x20,0x35,0x8B,
0x4F,0xE4,0x90,0x40,0xC0,0x30,0x41,0x01,0x02,0x80,0xE1,0x5F,0x00,0x09,0xCC,0x01,0x60,0x00,0x00,0x00,0x5F,0x20,0xC0,0xE3,
0x80,0x02,0x00,0x81,0x00,0x00,0x09,0xA4,0xF1,0x81,0x81,0x18,0x00,0x00,0x00,0x03,0x80,0x10,0x0A,0x00,0x49,0x1E,0x80,0x00,
0x00,0x00,0x01,0x4F,0xF0,0x00,0x05,0x00,0x01,0xCF,0xF2,0x14,0x90,0x00,0x8F,0x40,0x34,0x21,0xB1,0x19,0x0B,0x7A,0x40,0x80,
0x80,0x00,0x33,0xB6,0x00,0x00,0x00,0x9C,0xA4,0x00,0x8F,0x40,0x08,0x18,0x20,0x09,0x01,0xD3,0x48,0xB0,0x00,0x29,0xA0,0x00,
0x19,0xA0,0x00,0x1C,0x9D,0x41,0x03,0x4D,0xD9,0x03,0x7C,0x21,0x18,0x22,0x01,0x4F,0xF1,0x01,0x5F,0xF1,0x00,0x34,0x1E,0x30,
0x21,0x05,0x9C,0xC0,0x00,0x00,0x00,0x00,0x15,0xFE,0x00,0x00,0x50,0x00,0x00,0x00,0x01,0x00,0x10,0x9A,0x4F,0xC9,0x21,0x70,
0x00,0x00,0x00,0x01,0x00,0x00,0x00,0x05,0x40,0x01,0xCF,0xFE,0x61,0x4F,0x99,0x8F,0x4F,0xD1,0x1C,0x00,0x00,0x15,0xFF,0x11,
0x15,0xFB,0x09,0xCC,0x4E,0xC0,0x00,0x00,0xB1,0x4F,0xC1,0x03,0x5F,0xA0,0x02,0x13,0x10,0x00,0x00,0x01,0x14,0xFD,0x02,0x02,
0x11,0x11,0xB0,0x04,0x91,0x4F,0x74,0x20,0x5F,0xB0,0x27,0xE3,0x00,0x14,0xF5,0x11,0x2F,0xE1,0x29,0x90,0x8E,0x00,0xA0,0x24,
0x03,0x06,0x05,0x25,0xFE,0x19,0x90,0x38,0x18,0x18,0x0B,0x02,0x14,0xF4,0x11,0xB0,0x88,0x21,0x4F,0x61,0x71,0x5F,0xA0,0x8D,
0x01,0x01,0x02,0x20,0x00,0x18,0x11,0x83,0x18,0x03,0x00,0x00,0x40,0x19,0xE8,0x00,0x13,0x06,0x01,0x90,0x00,0x00,0x09,0x00,
0x01,0x18,0x03,0x00,0x1E,0x80,0x00,0x80,0x3E,0x4F,0xFF,0x00,0x25,0x5F,0xE0,0x9B,0x00,0x04,0x89,0x48,0x01,0x9A,0x40,0x03,
0x8C,0xC1,0x80,0x80,0x02,0x09,0xA4,0x00,0x26,0xC0,0x11,0x6C,0x55,0x5C,0x20,0x00,0xFD,0x9A,0x40,0x55,0x9A,0x43,0xFF,0xFF,
0x82,0x59,0xA4,0x15,0x86,0xC8,0x45,0x6C,0x10,0x02,0x55,0x55,0xD0,0x8D,0xA5,0x24,0x08,0x01,0x11,0x4F,0x00,0x01,0x4F,0x89,
0x00,0x05,0x00,0x00,0xCF,0xFA,0x14,0xFC,0x02,0x8F,0x40,0x01,0x1C,0x00,0x62,0x05,0x00,0x01,0x61,0x61,0x31,0x5F,0xF2,0x99,
0x5F,0x90,0x8B,0xA1,0x01,0x14,0xF7,0x91,0x15,0xFB,0x19,0x06,0x44,0xA0,0x80,0x40,0x06,0xD8,0x49,0x21,0x61,0x71,0x14,0xFD,
0x21,0x99,0x00,0x01,0x00,0x00,0x03,0x04,0xF5,0x19,0xCC,0x00,0x40,0x00,0x00,0x14,0x4F,0x41,0x03,0x55,0x2E,0x15,0xFA,0x11,
0x30,0x42,0x00,0xC0,0x20,0x90,0x59,0x09,0x01,0x7F,0xBC,0x6C,0x90,0x00,0x15,0xF8,0x81,0x1B,0x00,0x19,0x25,0x92,0x49,0x03,
0xC0,0x10,0xA0,0x21,0x01,0x5F,0x80,0x21,0x16,0x10,0x18,0x02,0x01,0x1A,0x56,0x82,0x8F,0x81,0x00,0x88,0x80,0x21,0x82,0x11,
0xD8,0xCE,0x82,0x8B,0xD0,0xC3,0x17,0xFA,0x83,0x08,0x80,0x18,0x97,0xFB,0xC8,0xD0,0x51,0x08,0xCE,0x04,0x00,0x51,0x1E,0x61,
0x5F,0xE0,0x15,0xF5,0x31,0x30,0x82,0x11,0x8D,0x40,0x01,0x80,0x50,0x80,0xC0,0x1C,0x1C,0x0E,0x36,0x21,0x20,0x12,0x9C,0xC0,
0x00,0x20,0x03,0x00,0x15,0xF8,0x00,0x00,0x0B,0x04,0x83,0x00,0x20,0x00,0x21,0x85,0x80,0x05,0x9A,0x82,0x21,0x86,0x09,0x90,
0x9A,0x88,0x00,0x00,0x20,0x07,0x33,0x2C,0x00,0x22,0x30,0x58,0x11,0x2E,0x9A,0x00,0x04,0x9C,0xC0,0x1C,0x73,0x22,0x00,0x10,
0xF4,0x00,0x10,0x02,0x01,0x5F,0x40,0x15,0x80,0x00,0x15,0xF4,0x69,0x14,0xFC,0x10,0x8B,0x00,0x21,0x4F,0xF8,0x00,0x00,0x00,
0x01,0x7F,0xAD,0x8C,0xCF,0xFA,0x90,0x14,0xF2,0x8C,0xE8,0x21,0x08,0x04,0x49,0xB3,0xBF,0xF9,0x90,0x00,0x49,0xC8,0x00,0x7F,
0x00,0x00,0x0B,0x7B,0x02,0x03,0x62,0x00,0x8F,0x93,0xE6,0x1C,0x8B,0x00,0xA9,0x43,0x65,0xC0,0x0E,0x8F,0x5F,0xF3,0x8F,0x9E,
0x4C,0x20,0x16,0x41,0x20,0x50,0x38,0xF9,0x84,0x21,0x5F,0xD0,0x80,0x89,0x41,0x08,0x4F,0x52,0x21,0x47,0xB3,0x14,0xF3,0x01,
0x15,0xF1,0x01,0x5F,0xF7,0x12,0x11,0x73,0x40,0x82,0x85,0x14,0x80,0x80,0x08,0x84,0xD9,0x18,0x25,0x00,0x15,0xEF,0x11,0x4E,
0xA0,0x09,0xB0,0x0A,0x51,0x4F,0x94,0x90,0x11,0x11,0x14,0xE7,0x82,0x08,0x07,0x22,0x99,0x00,0x02,0x5A,0xE0,0x21,0x5E,0xB0,
0xA1,0x5E,0xE1,0x00,0xCC,0x00,0x2F,0xC1,0x20,0x15,0xEA,0x09,0x03,0x6B,0xE1,0x4F,0xEA,0x01,0x5F,0x41,0x00,0xA0,0x00,0x15,
0x07,0x00,0x21,0xC0,0x02,0x21,0x63,0x13,0x0C,0x02,0xC6,0xE3,0x81,0xE8,0xCE,0x04,0x10,0x00,0x00,0x05,0xA0,0x00,0x55,0xEE,
0x00,0x17,0xF5,0xD9,0x03,0x49,0xA9,0xCC,0xE2,0x61,0xB0,0x30,0x05,0x4F,0x20,0x0F,0xB7,0xFA,0x8F,0x95,0x00,0x8F,0x85,0x61,
0x8B,0x40,0x41,0x5F,0x01,0xA9,0xA0,0x00,0x91,0xEA,0x21,0x18,0x89,0x10,0x03,0x49,0x02,0x08,0x02,0x00,0x18,0x21,0x10,0xA8,
0x00,0x02,0x57,0xE0,0x29,0x03,0x80,0x99,0x6B,0x30,0x21,0x74,0x04,0x10,0x04,0x03,0x00,0x00,0x00,0x10,0xF8,0x01,0x7F,0x5D,
0x01,0x4F,0x80,0x14,0xE1,0x40,0x00,0x00,0xA1,0x6E,0x0C,0x26,0x07,0x80,0x31,0x5F,0xF4,0xD1,0xB0,0x02,0x20,0x00,0x00,0x17,
0xE0,0x10,0x32,0xE3,0x00,0x32,0xE2,0x26,0x07,0x41,0xA0,0x00,0x00,0x09,0x90,0x00,0x41,0x4F,0x61,0x00,0x5F,0xC0,0x25,0x9E,
0x22,0x90,0x38,0x11,0x15,0xEE,0x11,0x4F,0xFC,0x01,0x5F,0xE1,0x00,0x80,0x00,0x15,0x08,0x20,0x21,0x61,0x02,0x8B,0x80,0x03,
0x6E,0x00,0x17,0x3E,0x90,0x41,0xB0,0x08,0x03,0x09,0x22,0x05,0x09,0x32,0x00,0x00,0x00,0x6D,0x85,0x23,0x72,0x00,0x09,0x04,
0xEC,0x93,0x08,0x30,0x90,0x00,0x00,0x94,0xCF,0xF2,0x14,0xEC,0xF9,0x00,0x50,0x01,0x1C,0x00,0x21,0x4F,0xC0,0x1C,0x15,0xEE,
0x00,0x00,0x00,0x9C,0x61,0x60,0x8F,0x40,0x06,0x99,0x00,0x01,0x6E,0x84,0x40,0x18,0x00,0x00,0x00,0x00,0x01,0x4F,0xE9,0x00,
0x90,0x00,0x8B,0x7F,0xE9,0x01,0x00,0x39,0x16,0x17,0x01,0x4F,0x00,0x00,0x05,0x00,0x01,0xCF,0xFE,0x00,0xB0,0x94,0x8F,0x40,
0x04,0x30,0xC2,0x01,0x8C,0xC0,0x81,0xC0,0x00,0x81,0x4F,0xB9,0x81,0x5F,0xD0,0x8B,0x00,0x00,0x01,0xC0,0x02,0x15,0xFF,0x10,
0x99,0x04,0x00,0x41,0x00,0x02,0x10,0x5A,0x15,0x40,0x49,0x00,0x07,0x00,0x09,0x04,0x0B,0x00,0x00,0x03,0x74,0x20,0x40,0x18,
0x50,0x21,0x5F,0x92,0xA3,0x01,0x40,0x20,0x00,0x00,0x21,0x54,0x0A,0x02,0x10,0x30,0x00,0x00,0x00,0x10,0x02,0x00,0x10,0x08,
0x03,0x02,0x40,0x08,0x3F,0x18,0x8F,0x40,0x00,0x9A,0x48,0x00,0x18,0x11,0x80,0x00,0x82,0x20,0x80,0x40,0x00,0x38,0x44,0x1E,
0x5F,0xE0,0x9C,0xC0,0x04,0x00,0x00,0x01,0x15,0xFC,0x13,0x07,0x88,0x83,0x07,0x21,0x03,0x00,0x00,0x8B,0x5F,0x80,0x9A,0x40,
0x04,0x8C,0xC0,0x25,0x9A,0x40,0x02,0x00,0x06,0x10,0x51,0x04,0x02,0x14,0x08,0x6C,0x00,0x00,0x00,0x00,0x09,0x9A,0x4A,0x00,
0x08,0x01,0x86,0xC0,0x10,0x41,0x4F,0xA9,0x09,0xA4,0x3F,0x05,0x80,0x11,0x00,0x00,0xFC,0xFF,0xFF,0x90,0x00,0x50,0x01,0xCF,
0x00,0x00,0xCF,0x80,0x01,0xC0,0x04,0x99,0x4F,0xF9,0x02,0x12,0xB0,0x00,0x00,0x01,0x15,0xFD,0x11,0x5F,0x02,0x19,0x90,0xC0,
0x09,0xCC,0x00,0x1B,0xB0,0x00,0x0E,0xAC,0xF8,0x0F,0x74,0xC1,0x9A,0x40,0x00,0x3F,0x48,0x01,0x00,0x01,0x21,0x5F,0xA0,0x85,
0xB0,0x69,0x8F,0x00,0x01,0x88,0xD0,0x01,0x99,0x0C,0x00,0xEB,0x00,0x23,0x01,0x05,0x08,0xA2,0x10,0x8F,0x70,0xD0,0x19,0x30,
0x4A,0x18,0x0B,0x28,0x15,0xFC,0x12,0x3C,0x20,0x00,0xCF,0x81,0x01,0x4F,0xE9,0x99,0x26,0x72,0x09,0x05,0xFC,0x9C,0x80,0x00,
0x8F,0x40,0x01,0xCF,0x0C,0x01,0x87,0x2D,0x29,0xC0,0x06,0x99,0xCF,0xAF,0x8C,0xE0,0x26,0x99,0x0C,0x00,0x17,0xFF,0xE8,0xCF,
0xFD,0x90,0x1E,0x35,0xC1,0x7F,0xBD,0x94,0x00,0x00,0x17,0xF9,0x00,0x04,0x40,0x60,0x00,0x00,0x09,0x90,0x74,0x09,0xCC,0x00,
0xC1,0xB0,0x09,0x18,0xCF,0xC0,0x04,0x21,0x00,0x99,0x0C,0x00,0x1B,0x02,0x19,0xCC,0x74,0xC1,0xB0,0x00,0xC1,0x7F,0xAD,0x0F,
0xB0,0x08,0x17,0xF8,0xF0,0x04,0x40,0x51,0x10,0x00,0x01,0xB7,0x48,0x04,0x10,0x03,0x85,0x52,0x01,0x85,0x7F,0x50,0x7C,0x00,
0x21,0x7C,0x20,0x81,0x1B,0x00,0x01,0xB0,0xC0,0x00,0xF7,0x4C,0x00,0xCF,0xC0,0x9C,0x7F,0xAD,0x99,0x0C,0x40,0x17,0xF8,0xC1,
0x05,0x40,0x91,0x7F,0x01,0x00,0x00,0x00,0x01,0x87,0x40,0x10,0x42,0x1C,0x99,0x00,0x04,0x9C,0xC0,0x00,0x1B,0x00,0x10,0x10,
0xFE,0x00,0x00,0x00,0x01,0x4F,0xE0,0x14,0x4F,0xC9,0x8F,0x40,0xB0,0x90,0x40,0x11,0x99,0x00,0x00,0xCF,0x00,0x01,0x4F,0xC9,
0x00,0x05,0x00,0x00,0xCF,0xFA,0x00,0x00,0x02,0x8F,0x40,0x01,0x8D,0x20,0x01,0xC0,0xFF,0x99,0xCC,0x01,0x00,0x00,0x00,0x14,
0xC8,0x00,0xC1,0x6F,0xFE,0x14,0xFE,0x99,0x05,0x27,0xC1,0xCF,0x20,0x01,0xC0,0x02,0x99,0xCC,0x01,0x8D,0x00,0x00,0x14,0xFF,
0xE0,0xC1,0x6F,0x00,0x99,0x00,0x01,0x0A,0x00,0x81,0x4F,0xE9,0x09,0xA0,0x00,0x02,0xCC,0x01,0x00,0x00,0x00,0x04,0x2B,0x19,
0xC1,0xCB,0x29,0xA0,0xE4,0x01,0x4F,0xE9,0x00,0x52,0xA2,0x07,0xCF,0xFE,0x9C,0x80,0xF9,0x8F,0x40,0x01,0x1C,0x00,0x21,0x4F,
0x01,0x19,0x90,0xC0,0x09,0xCC,0x00,0x1B,0xB0,0x00,0x0E,0xB4,0x80,0x0F,0x74,0xC1,0x08,0x00,0x08,0x80,0xFE,0x99,0x90,0x00,
0x09,0xC8,0x00,0x14,0xCF,0xFE,0x10,0xD1,0xF9,0x05,0x2B,0x61,0x1C,0x00,0x61,0x4F,0xC0,0x00,0x52,0xFA,0x00,0x00,0x00,0x9C,
0x11,0x62,0x8F,0x40,0xE1,0x99,0x00,0x01,0x99,0x00,0x01,0x85,0x01,0x07,0x40,0x4D,0x00,0x51,0x35,0x6E,0x00,0x00,0x73,0xE0,
0x4A,0x14,0xFE,0x90,0x9C,0xC0,0x00,0x43,0x40,0x00,0x00,0x00,0x19,0xE8,0x02,0x8F,0x4F,0xD2,0x9A,0x47,0x08,0x20,0x70,0x91,
0x15,0xFB,0x09,0x04,0x00,0x11,0xB0,0x0A,0x18,0xA1,0x14,0xDB,0x82,0x05,0x08,0x12,0x24,0x14,0xFC,0x45,0x73,0x12,0xC6,0x02,
0x81,0x51,0x5F,0x71,0x09,0x90,0x00,0x02,0x90,0x00,0x00,0x00,0x24,0x10,0xD0,0x49,0x10,0xD2,0x57,0x30,0x02,0x86,0xC0,0x20,
0x90,0x00,0x00,0x73,0xE0,0x00,0x01,0x80,0x00,0x00,0x00,0x06,0x99,0x00,0x02,0x5D,0xE0,0x07,0x20,0x22,0x00,0x10,0x04,0x00,
0x10,0x02,0x00,0x00,0x82,0x14,0xF8,0x20,0x14,0xF8,0x21,0x4F,0x61,0x45,0x5F,0xA0,0xA1,0x5F,0x61,0x8B,0xC4,0x40,0x1B,0x00,
0x91,0x31,0xC0,0x06,0x01,0x8D,0xA1,0x4F,0x00,0x01,0x4F,0xE9,0x00,0x05,0x00,0x00,0xCF,0xFA,0x00,0x00,0xD9,0x8F,0x40,0x01,
0x1C,0x00,0x21,0x4F,0xFF,0xC9,0xCC,0x00,0x00,0x00,0x00,0x17,0x0A,0x42,0x05,0xD9,0xC0,0x14,0xFE,0x49,0xDB,0x02,0x19,0x90,
0xB8,0x01,0xB0,0x00,0x00,0xF7,0x4C,0x0E,0x00,0x00,0x9C,0xC0,0xC1,0x00,0x00,0x01,0x99,0x0C,0x00,0xEB,0x08,0x21,0x4F,0xC9,
0xB1,0x00,0x10,0x8F,0xF7,0x4C,0x01,0x00,0x00,0x9C,0xC0,0x00,0x00,0x00,0x01,0x00,0x0C,0x00,0xEC,0x01,0x21,0x4F,0xC9,0x99,
0x00,0x10,0x8F,0x00,0x98,0x8F,0x40,0x01,0x9C,0x80,0x00,0x5D,0x40,0x01,0xCF,0xFE,0x21,0xB0,0x00,0x8F,0xB0,0x21,0x1C,0x00,
0x40,0x90,0x60,0x31,0x99,0x0C,0x00,0xEC,0xFF,0x99,0xCC,0x00,0xC0,0x00,0x00,0x14,0x90,0xC0,0x0F,0x74,0x02,0x10,0x00,0x09,
0x0E,0xCC,0x18,0xF0,0xFE,0x90,0x10,0x0B,0x01,0x00,0x10,0x14,0xF7,0x4C,0x8F,0x40,0x00,0x9C,0xC0,0x00,0x00,0x00,0x01,0x00,
0x0C,0x00,0xEC,0x81,0x21,0x4F,0xE9,0x99,0x05,0x00,0x8F,0x08,0xFE,0x10,0x01,0x00,0x8F,0x40,0x01,0xCF,0x08,0x1C,0x17,0xF3,
0x00,0x81,0x10,0xA0,0xB0,0x08,0x1B,0x00,0x40,0x27,0x90,0x01,0x08,0x01,0x09,0x01,0x61,0x00,0x00,0x00,0x81,0xB0,0x0C,0x31,
0x82,0x54,0x1C,0x00,0x51,0x8A,0x24,0x15,0x14,0xF3,0x91,0x4F,0xF7,0x21,0x5F,0x90,0x01,0x5F,0xD3,0x14,0x3B,0x42,0x14,0xFB,
0x0B,0x9A,0x00,0x00,0x9E,0x01,0x5C,0x18,0x00,0x48,0x50,0x06,0x40,0x81,0x54,0x1B,0xE1,0x81,0x54,0xFF,0x14,0x00,0x00,0x00,
0x15,0xF8,0x01,0x5F,0xC0,0x1C,0x19,0x28,0x00,0x3B,0x42,0x9C,0x93,0x00,0x9A,0x00,0xE3,0x14,0xF6,0x21,0x8D,0x92,0x19,0x4F,
0x9A,0x89,0x4F,0x40,0xC5,0x5F,0xC2,0x8D,0x5F,0x04,0x85,0xC0,0x24,0x8B,0x61,0x6D,0x8B,0xA6,0x61,0x99,0x80,0x91,0x4F,0xA0,
0x9D,0x4F,0xF3,0x8A,0x5F,0xD2,0x90,0x63,0x29,0x08,0x15,0x41,0x00,0x00,0x01,0x4F,0x00,0x00,0x05,0x00,0x2D,0xCF,0xF8,0x00,
0x3D,0xC0,0x85,0x00,0x00,0x9A,0x40,0x00,0x08,0x11,0x09,0xA0,0xBC,0x10,0xA0,0x11,0x21,0x4F,0xF9,0x03,0xCC,0x01,0x1C,0x00,
0x00,0x18,0x23,0x09,0xC1,0x7F,0x00,0x00,0xFE,0x99,0xA0,0x00,0x09,0xA4,0x00,0x14,0x90,0x40,0x04,0x26,0x00,0x03,0xD9,0x89,
0x10,0x8D,0x09,0x90,0x8F,0x00,0x05,0x00,0x01,0xCF,0xFE,0x10,0xC0,0x0A,0x8F,0x40,0xBC,0x0A,0x10,0x41,0x08,0x08,0x41,0x7F,
0xFF,0x91,0x5F,0xD2,0x60,0xA0,0x00,0x14,0x00,0x00,0x02,0x90,0x01,0x15,0xF5,0x40,0x14,0xFE,0x99,0xC8,0x7F,0x01,0xCF,0xF6,
0xD1,0x4F,0xA5,0xC1,0x5F,0x70,0x20,0xF0,0x0C,0x02,0xB1,0x41,0x8D,0x20,0x01,0xB0,0x2A,0xC0,0x1C,0x05,0x00,0x00,0x00,0x0C,
0x80,0xC6,0x00,0x00,0x16,0x22,0x19,0xE0,0x64,0x0F,0x63,0x3C,0x00,0x00,0x80,0xA6,0x50,0x19,0x04,0x00,0x00,0x00,0x6E,0x83,
0x02,0x73,0xE0,0x80,0x8B,0x7F,0xD8,0x10,0xC1,0x61,0xB0,0x04,0x50,0xC0,0xBC,0x33,0x5C,0xAD,0x22,0x48,0x15,0x90,0xA5,0x32,
0x15,0xF9,0x53,0x3D,0xF8,0x53,0x01,0xA2,0x43,0x24,0x03,0x21,0x82,0x32,0x20,0x90,0xB0,0x08,0x1A,0x11,0x26,0x1B,0x81,0x5F,
0xF3,0x49,0xA0,0x00,0x31,0x5F,0x61,0x15,0x17,0xFA,0x04,0x26,0x40,0x9C,0xC0,0x1C,0x8F,0x40,0x01,0xB0,0x9D,0x81,0x5F,0xA4,
0x62,0x1E,0x94,0x8F,0x5F,0x65,0x15,0xF2,0xD1,0x30,0x18,0x21,0x08,0x18,0x12,0x05,0x58,0x89,0xA0,0x00,0x33,0x24,0xB3,0x27,
0x5F,0xB1,0x04,0x26,0x72,0x15,0xF1,0x01,0x1B,0x02,0x01,0x82,0xC0,0x1C,0x17,0xFA,0x31,0x5F,0x24,0x9C,0x16,0x93,0x08,0x82,
0x00,0x15,0xF0,0x53,0x20,0xBA,0x59,0xA0,0x26,0x40,0xC1,0xA4,0x40,0x81,0x86,0x04,0x18,0xA2,0x1B,0x00,0xA5,0xA0,0x00,0xDC,
0x8F,0x40,0x00,0x80,0xA0,0xDC,0x81,0x86,0x41,0x5F,0xA4,0x8C,0x01,0x86,0x70,0x1E,0x0A,0x00,0x00,0x03,0x6C,0x33,0x40,0x18,
0x43,0xFF,0xFF,0xFF,0x01,0x8C,0x85,0x9A,0x5F,0x60,0x00,0x00,0x84,0x8B,0x4F,0xBD,0x8D,0xA7,0x91,0x5F,0xE5,0xD0,0x10,0x0B,
0x03,0x3B,0x14,0x8D,0x5F,0x60,0x8F,0x40,0x84,0x8B,0x4F,0xBD,0x8D,0xA7,0x91,0x5F,0xE5,0xD0,0x10,0x03,0x40,0x00,0x00,0x8D,
0x00,0x00,0x33,0xB1,0x2A,0x15,0xF8,0x40,0x08,0x18,0x40,0x29,0xF4,0x51,0x5F,0xB4,0xC0,0x82,0x84,0x15,0x85,0x85,0x22,0x0B,
0x74,0x33,0xB0,0x20,0x8B,0x0A,0xB1,0x4F,0xF3,0x20,0x1C,0x1D,0x70,0x80,0x86,0x14,0x18,0x15,0x08,0x28,0x00,0x6C,0x2A,0x00,
0x14,0xF1,0x70,0x00,0x36,0x46,0xD3,0xBE,0x58,0x50,0x1C,0x6D,0xCC,0x00,0x78,0x02,0x62,0x54,0xEF,0x59,0x0F,0xB9,0x26,0x81,
0xF6,0x41,0x4F,0x25,0x95,0x4E,0xE4,0x14,0x5F,0x84,0x8B,0x4D,0x05,0x8D,0xA0,0xB9,0x8B,0x61,0x91,0x4F,0x04,0xD0,0x10,0x0C,
0xB8,0x00,0x00,0x8A,0x5F,0x84,0x8B,0x44,0xE6,0x90,0x40,0x21,0x8F,0x40,0x01,0x80,0x40,0x11,0x5F,0x84,0x02,0x21,0xB5,0x90,
0x80,0xA6,0x00,0x00,0x44,0x15,0xF8,0x40,0x30,0x18,0x41,0x5F,0xA4,0x85,0x5F,0xA5,0x62,0x23,0xBD,0x90,0x81,0x84,0x14,0xFB,
0xE9,0x22,0x28,0xC0,0x08,0x48,0x68,0xB4,0x58,0x78,0xC0,0x4E,0x28,0xC2,0x62,0x48,0xB4,0x99,0x48,0x18,0x5A,0x48,0x08,0x68,
0x1B,0x0B,0xF8,0xE0,0xF5,0x48,0xB4,0xE5,0x28,0xB4,0xF7,0xD4,0x83,0xE1,0x14,0xF7,0x92,0xD5,0xF9,0x56,0x9C,0xC0,0x00,0xFB,
0x0E,0xA1,0x4F,0x44,0x95,0xB0,0xBE,0x68,0x4F,0x64,0x8E,0x05,0x3F,0x8A,0x05,0x9D,0x6D,0x3A,0xE7,0x68,0x06,0xF8,0x10,0x06,
0xD1,0x4F,0xA5,0x8A,0x80,0x84,0x8B,0x44,0x95,0x22,0x38,0xC0,0x14,0xFA,0x51,0x5F,0x00,0x01,0x5F,0xC0,0xDC,0x19,0x21,0x00,
0x5F,0x84,0xA0,0x00,0xB3,0x8B,0x44,0xB9,0x08,0x00,0x27,0x68,0x11,0x30,0x00,0x00,0x90,0x81,0x94,0x08,0x80,0x96,0x14,0xFE,
0xF6,0x08,0x19,0x50,0x00,0x50,0x01,0xCF,0x01,0x35,0xC0,0x02,0x11,0x80,0xB8,0x86,0x0A,0x49,0x14,0xFF,0x01,0x99,0x0C,0x01,
0x18,0x23,0x59,0xE0,0x96,0x31,0xE8,0x24,0x21,0x82,0x93,0xC1,0x01,0x0B,0x85,0xC0,0xAA,0x19,0x30,0x01,0x8D,0x97,0x17,0x44,
0x94,0x71,0x00,0x41,0x29,0x82,0x71,0x8D,0x01,0x0B,0x8F,0x30,0xA8,0x8D,0x9C,0xE9,0x85,0xC2,0x29,0x03,0x5C,0x47,0x65,0x1F,
0x88,0xD9,0xCE,0x76,0xD9,0x73,0x7C,0xC1,0x1F,0x19,0x34,0x38,0x5B,0x00,0x47,0x65,0xC5,0x98,0xD9,0xCE,0x88,0xF3,0x14,0x7C,
0xCC,0x08,0x50,0x36,0x1D,0x50,0x10,0xB7,0x76,0x5C,0x67,0x65,0xC5,0x28,0xD9,0xCE,0xB7,0xCC,0x12,0x7C,0x65,0x9F,0x90,0x10,
0xEE,0x76,0x5D,0x47,0x7C,0xC1,0x98,0xD9,0x42,0xB8,0xF3,0x14,0xA8,0xD9,0x67,0x74,0x65,0xD4,0xD0,0x10,0xBA,0x90,0x03,0x07,
0x7C,0xC1,0x27,0x67,0xC9,0xB1,0x99,0xE3,0x81,0x01,0x50,0x7C,0x82,0x91,0x53,0x05,0xE1,0x10,0x07,0x01,0x90,0x14,0x01,0x4F,
0xA1,0x25,0xCF,0xFE,0x04,0x80,0x24,0x8C,0x02,0x04,0x8C,0xA0,0x35,0x8C,0x01,0x97,0x8B,0x48,0x98,0x80,0xA0,0x01,0x82,0x12,
0xC8,0xC8,0x01,0x8B,0xC0,0xA1,0x1B,0x00,0x0D,0x08,0x10,0x26,0x01,0x90,0x88,0xBA,0x00,0xD7,0x20,0x05,0x26,0xC0,0xA8,0x1B,
0x00,0x00,0x30,0x14,0x31,0x01,0x80,0x30,0x00,0x00,0x00,0x80,0x05,0x43,0x01,0x10,0x03,0x01,0x55,0x08,0x00,0x00,0x90,0x14,
0x00,0x8F,0x40,0x00,0x1C,0x00,0x69,0x91,0x1E,0x09,0xC4,0x03,0x11,0x4F,0xF9,0x03,0x90,0x00,0xC1,0xA1,0x00,0x00,0x00,0x09,
0x26,0x6E,0x00,0x0E,0x00,0x21,0xB0,0x19,0x00,0xA0,0xA0,0x1B,0x28,0xB1,0x99,0x30,0x00,0x9A,0x00,0x00,0x1B,0x00,0x09,0xCC,
0x31,0xC1,0xB0,0x41,0x00,0xA0,0x80,0x06,0x00,0x0F,0x99,0x10,0x00,0x9B,0x00,0x00,0x02,0x06,0x99,0x90,0x33,0x00,0x00,0x00,
0x00,0x31,0xE1,0x0D,0xBC,0x00,0x99,0x30,0x00,0x99,0x0C,0x01,0x1B,0x02,0x19,0xCC,0x74,0xC1,0xB0,0x00,0x01,0xBC,0x44,0x0F,
0x00,0x01,0x99,0x0C,0x00,0x86,0xD0,0x81,0x8F,0x00,0x25,0xB0,0x20,0x27,0xA0,0x50,0xA1,0x7F,0x90,0x55,0x90,0xC0,0x01,0x82,
0x00,0x00,0x00,0x09,0x1B,0xC8,0x09,0xCC,0x74,0xC1,0xB0,0x21,0x08,0x8D,0x00,0x0F,0x90,0xC0,0x10,0x00,0x02,0x1B,0x00,0x09,
0x1B,0xD0,0x18,0xF0,0x02,0x11,0x93,0x02,0x90,0x00,0x02,0x1B,0x4F,0xD2,0x9B,0x40,0x51,0x88,0x58,0x41,0x5B,0x40,0x11,0x7F,
0xC0,0x00,0xF7,0x4C,0x01,0xBC,0x80,0x9C,0xB3,0xE0,0x99,0x0C,0x80,0x14,0xFC,0x09,0x7F,0xFF,0xD8,0x85,0xF4,0x88,0x6D,0x00,
0x81,0x7F,0x50,0x17,0xB0,0x21,0x10,0x01,0x4C,0x1B,0x00,0x01,0x9C,0xC0,0x00,0xF7,0x0C,0x01,0xBC,0x80,0x01,0x00,0x10,0x99,
0xB0,0x00,0x17,0xF4,0x21,0x8F,0x40,0x01,0x99,0x00,0x00,0xD3,
};

const uint8_t cs40l50_fw_block_43[] = {
0x00,0x50,0x00,0x02,0x31,0xB0,0x21,0x9B,0xCC,0x00,0x02,0x41,0xC0,0x00,0x00,0x09,0x0F,0x74,0xC9,0x90,0xCC,0x01,0x00,0x00,
0x18,0xF0,0x82,0x1B,0x90,0xC0,0x17,0xF8,0x91,0x5B,0x00,0x09,0x10,0xA9,0x01,0x7F,0x02,0x19,0xCC,0x00,0xC9,0x90,0xC0,0x1B,
0x7F,0x80,0x0F,0x74,0x00,0x1B,0xCC,0x01,0x10,0x01,0x00,0x00,0x00,0x00,0xD3,0x20,0x00,0x00,0x01,0x99,0xB0,0x19,0x9B,0x00,
0x00,0x02,0x00,0x81,0x14,0xFE,0x90,0x00,0xC0,0x1C,0x1C,0x98,0x00,0x42,0xB0,0x9C,0xB0,0x19,0x9A,0x00,0x00,0x14,0xFE,0x91,
0x1B,0x04,0x29,0xC8,0xE4,0x01,0xCF,0xFA,0x02,0x66,0xE0,0x04,0x03,0x00,0x99,0x00,0xE9,0x1B,0x01,0x99,0x1B,0x00,0xA1,0x4F,
0xFF,0xA1,0x4F,0xE9,0x00,0x05,0x00,0x1C,0xCF,0xFA,0x00,0x00,0xF9,0x8F,0x40,0x01,0x1C,0x00,0x21,0x4F,0x00,0x00,0x5E,0xD1,
0x00,0x4C,0x96,0x9A,0x6A,0x20,0x9C,0xC0,0x00,0x9A,0x00,0x00,0x99,0x04,0x00,0x41,0xFE,0x92,0x10,0x00,0x09,0x93,0x00,0x14,
0x90,0x00,0x09,0x00,0x00,0x03,0x1E,0x49,0x17,0xBF,0x00,0x05,0x40,0x01,0xCF,0xFE,0x00,0x31,0xE1,0x8F,0xD3,0x24,0x99,0x10,
0x00,0x99,0x00,0x00,0x8B,0x82,0x21,0xB0,0x00,0x1C,0x1B,0xCC,0x68,0x54,0x80,0x9C,0xE0,0x48,0x1C,0x00,0x14,0x54,0xFF,0x96,
0x9C,0x00,0x1C,0x1B,0x00,0x00,0x00,0x00,0x89,0xC0,0x01,0x00,0x00,0x00,0x6E,0x0C,0x08,0xC1,0xAE,0x20,0x00,0x00,0x06,0xE1,
0x82,0x20,0x00,0x00,0x06,0xE1,0x48,0x01,0x1B,0x10,0x00,0x00,0x00,0x9C,0x00,0x3C,0x00,0x00,0x00,0x00,0x01,0x20,0x00,0x02,
0xA1,0xB0,0x21,0x9B,0x90,0xC0,0x02,0x80,0x91,0x00,0x00,0x09,0x10,0xA8,0x11,0x7F,0xC0,0x00,0xF7,0x4C,0x01,0xBE,0x80,0x9C,
0x00,0x10,0x99,0x0C,0x00,0x17,0xF8,0x01,0x1B,0x04,0x29,0xCC,0xED,0xC1,0xB0,0x19,0x02,0x66,0xE0,0x04,0xB0,0x0A,0x99,0x00,
0x19,0x00,0xE0,0x01,0x8F,0x40,0x01,0xB0,0x80,0x1C,0x1B,0x10,0x00,0x31,0xE0,0x9C,0x00,0xC2,0x99,0x30,0x63,0x99,0x04,0x02,
0x99,0x04,0x02,0x00,0x00,0x00,0x6A,0x20,0x00,0x5E,0xD1,0x9A,0x4C,0xD4,0x9A,0x00,0x30,0x9C,0xC0,0x00,0x8F,0x40,0x01,0xB0,
0x00,0x3C,0x1B,0x10,0x00,0x00,0x00,0x9C,0x7C,0x20,0x00,0x00,0xC1,0x99,0x00,0x01,0x99,0x10,0x00,0xA1,0x20,0x80,0x18,0x0E,
0x00,0xA0,0xA1,0x6C,0xA3,0x50,0x99,0x10,0x00,0x99,0x10,0x00,0x00,0x00,0x09,0x91,0x1E,0x46,0xC2,0x24,0xA0,0x00,0x00,0x0A,
0xB4,0x04,0x01,0x80,0x06,0x00,0x00,0x09,0x01,0x00,0x00,0x10,0x10,0x00,0xA0,0xB0,0x40,0x08,0x00,0x99,0xA0,0xB0,0x9B,0x40,
0x40,0x99,0x10,0x00,0x99,0x00,0x01,0x7C,0x10,0x00,0xA2,0x01,0x80,0x18,0x0E,0x99,0xA0,0xA1,0x6C,0x20,0x70,0x99,0x10,0x00,
0x99,0x10,0x00,0xA3,0x00,0x09,0x91,0x00,0x46,0xC2,0x24,0x00,0x00,0x00,0x0A,0x22,0x04,0x01,0x80,0xA0,0x00,0x00,0x09,0xB4,
0x00,0x00,0x10,0x06,0x00,0xA0,0xB0,0x04,0x20,0x00,0x99,0x10,0xB0,0x9B,0x40,0x40,0x99,0x10,0x00,0xA0,0x00,0x09,0x91,0x00,
0x19,0x91,0x00,0x00,0xC2,0x08,0x0A,0x24,0x00,0x03,0xEE,0x06,0x01,0x80,0xF9,0x91,0x0A,0x19,0x91,0x00,0x00,0x00,0x00,0x0A,
0xA2,0x64,0x0A,0x39,0x0B,0x99,0x10,0x00,0x6C,0x22,0x40,0x18,0x00,0x00,0x00,0x00,0x41,0x00,0x00,0x00,0x10,0x06,0x9B,0x40,
0xB0,0x8F,0x40,0x00,0x99,0x10,0x00,0xA0,0x40,0x40,0x80,0x00,0x00,0xA0,0xB0,0x9B,0xAA,0x40,0x99,0x10,0x81,0x99,0x00,0x01,
0x99,0x10,0x00,0xA2,0x20,0x80,0x18,0x0E,0x00,0xA0,0xA1,0x6C,0xA3,0xB0,0x99,0x10,0x00,0x99,0x10,0x00,0x00,0x00,0x09,0x91,
0x2A,0x46,0xC2,0x24,0xA0,0x00,0x00,0x0A,0xB4,0x04,0x01,0x80,0x06,0x00,0x00,0x09,0x40,0x00,0x00,0x10,0x10,0x00,0xA0,0xB0,
0x42,0x00,0x00,0x99,0xA0,0xB0,0x9B,0x40,0x30,0x99,0x10,0x00,0x8F,0x40,0x00,0x10,0x30,0x00,0x31,0xE5,0x00,0x19,0x02,0x99,
0x1C,0x29,0x9C,0xC0,0x00,0x00,0x00,0x00,0x00,0x00,0x00,0x00,0x04,0x00,0x41,0x00,0x00,0xA1,0x84,0x99,0x90,0x00,0x99,0x10,
0x0E,0x21,0x10,0x00,0x6C,0x22,0x00,0x18,0x10,0x00,0xA0,0xA1,0x00,0xA3,0x30,0x99,0x91,0x00,0x99,0x10,0x24,0x00,0x00,0x09,
0x0A,0x1A,0x46,0xC2,0x80,0xA0,0x00,0x00,0x09,0xB4,0x04,0x01,0x10,0x06,0x00,0x00,0xB0,0x00,0x40,0x00,0x99,0x10,0x00,0xA0,
0x40,0x40,0x02,0x00,0x00,0xA0,0xB0,0x9B,0xD3,0x20,0x99,0x10,0x08,0x99,0x00,0x00,0x9B,0x00,0x00,0x00,0x00,0x41,0x4F,0xE9,
0x09,0xC8,0x01,0x02,0xCF,0xFA,0x00,0x00,0xE5,0xC1,0xA1,0x61,0x99,0x30,0x00,0x31,0xFE,0x99,0xC8,0x01,0x10,0x00,0x00,0x14,
0x00,0x01,0xC1,0xC3,0x40,0x9B,0x01,0x20,0x99,0x0C,0x01,0xBD,0xF9,0x10,0x28,0x15,0x01,0xBD,0x84,0x17,0xB0,0x21,0x99,0x0C,
0x00,0x86,0xD0,0x89,0x17,0xF5,0x29,0xCC,0x74,0xC0,0x00,0x00,0x01,0x7F,0x41,0x0F,0x7F,0x80,0x10,0x00,0x1D,0x8F,0x00,0x25,
0x7A,0x00,0x80,0x18,0x00,0x00,0x00,0x00,0x00,0xA0,0xA0,0x00,0x00,0x01,0x99,0x10,0x00,0x9B,0x40,0x00,0x01,0x01,0x79,0x91,
0x0B,0x01,0x7F,0x52,0x00,0xF7,0x4C,0x0A,0x00,0x00,0x9C,0xC0,0x02,0x00,0x00,0x01,0x17,0xF4,0x18,0xF0,0xF8,0x07,0xA0,0x08,
0x01,0x8C,0x4D,0x57,0x71,0x07,0x99,0x0C,0x00,0x73,0xE0,0x00,0x00,0x00,0x00,0x00,0x10,0x00,0xA0,0xA0,0x00,0x00,0x01,0x99,
0xA0,0xB0,0x9B,0x40,0x20,0x99,0x10,0x00,0x99,0x00,0x00,0xD3,0x04,0x09,0xC0,0x01,0xE0,0x00,0x00,0x6E,0x90,0x00,0xC1,0xC2,
0x00,0x00,0x00,0x09,0x0D,0x32,0x09,0xB0,0x00,0x10,0x20,0x07,0x00,0x00,0x00,0x00,0x42,0xB1,0x00,0x00,0xB2,0x9A,0x00,0x00,
0x9C,0xC0,0x1C,0x1C,0x00,0x00,0x7E,0x40,0x00,0xD3,0x20,0x9A,0x00,0x02,0x99,0x00,0x21,0x9B,0x00,0x00,0x02,0x06,0x01,0xB0,
0x00,0x09,0x90,0xC0,0x09,0xCC,0x00,0x00,0xB0,0x00,0x1B,0xD4,0xC4,0x0F,0x74,0xC1,0x99,0x0C,0x01,0xBD,0xD0,0x81,0x00,0x01,
0x25,0x7F,0x80,0x86,0x18,0x07,0x8F,0x00,0x00,0x7A,0x00,0x80,0x1B,0x02,0x11,0xB0,0x10,0x00,0xA0,0xA4,0x20,0x00,0x04,0x99,
0xA0,0xB4,0x9B,0x41,0x4C,0x99,0x10,0x00,0x9C,0xC0,0x00,0xF7,0x0C,0x01,0xBE,0x00,0x01,0xBE,0x44,0x99,0x00,0x00,0x99,0x0C,
0x09,0x86,0xD0,0x85,0x7C,0x00,0x96,0x34,0x0C,0x01,0xBF,0x02,0x16,0x34,0x0A,0x99,0xBE,0xC1,0x7C,0x05,0x00,0x99,0x0C,0x01,
0x7C,0x05,0x29,0x91,0x0C,0x21,0x93,0x40,0x00,0x18,0x0E,0x0A,0xA0,0xA1,0x6C,0x41,0xD0,0x99,0x10,0x00,0x99,0x10,0x00,0xA2,
0x00,0x09,0x91,0x00,0x26,0xC6,0x10,0x00,0x00,0x00,0x0A,0x0E,0x04,0x01,0x80,0xA0,0x00,0x00,0x09,0xB4,0x01,0x00,0x10,0x06,
0x00,0xA0,0xB0,0x00,0x00,0x08,0x99,0x10,0xB0,0x9B,0x40,0x40,0x99,0x10,0x00,0xA0,0x40,0x00,0xFF,0xF8,0x27,0xC0,0x10,0x9A,
0xC0,0x08,0x55,0x20,0x02,0x63,0x40,0x07,0x99,0x10,0x00,0xA1,0x30,0x06,0xC4,0x10,0xF9,0x91,0x00,0x19,0x91,0x00,0x01,0x80,
0x00,0x0A,0x0A,0x19,0x0A,0x2F,0x00,0x00,0x10,0x00,0xA1,0x22,0x00,0x18,0x0B,0x99,0x00,0x00,0x6C,0x61,0x40,0x00,0x00,0x00,
0x9B,0x40,0x40,0x00,0x40,0x00,0x10,0x06,0x00,0xA0,0xB0,0x8F,0x00,0x20,0x99,0x10,0xB0,0x9B,0x40,0x40,0x99,0x10,0x00,0xA0,
0x00,0x02,0x6B,0xC0,0x00,0x00,0x00,0x99,0x00,0x00,0x00,0xE0,0x6E,0x8F,0x40,0x00,0x9C,0xC0,0x00,0x17,0x00,0x01,0x11,0xC0,
0x00,0x31,0xE2,0x99,0x18,0x44,0x99,0x30,0x00,0x9C,0xC0,0x00,0x8F,0x40,0x00,0x00,0x00,0x01,0xF7,0xE0,0x00,0x1C,0x5C,0x99,
0x00,0x00,0x6E,0x1C,0x20,0x14,0xFE,0x90,0x99,0x00,0x00,0xD3,0x00,0x08,0x00,0x02,0x10,0x00,0x00,0x9B,0x90,0x40,0x02,0x21,
0x00,0x00,0x00,0x09,0x04,0x10,0x00,0x00,0x10,0x80,0x90,0x01,0x48,0x00,0x20,0x21,0x00,0x00,0x9B,0x00,0x00,0x02,0x20,0x70,
0x00,0x00,0x09,0x91,0x0A,0x19,0xB4,0x04,0x29,0x91,0x00,0x0A,0xF8,0x80,0x80,0x00,0x00,0x0A,0x0B,0x16,0x01,0x83,0xA0,0x00,
0x00,0x09,0x90,0x00,0x00,0x0E,0x00,0x00,0x00,0x00,0x26,0xBC,0x20,0x00,0x00,0x00,0x99,0x00,0x00,0xD3,0x00,0x08,0x00,0x04,
0x21,0x4F,0xE9,0x9B,0x90,0x40,0x02,0x22,0x00,0x00,0x00,0x09,0x04,0x10,0x09,0x91,0x14,0x42,0x10,0x00,0x06,0xC2,0x20,0x0A,
0x91,0x00,0x09,0x00,0x00,0x01,0x80,0xF9,0x0A,0x0A,0x19,0x91,0x31,0x00,0x00,0x00,0x00,0xA1,0x64,0x0A,0x18,0x0B,0x99,0x10,
0x00,0x6C,0x22,0x40,0x00,0x00,0x00,0x00,0x40,0x40,0x01,0x00,0x00,0x10,0x06,0x9B,0xA0,0xB0,0x8F,0x40,0x80,0x99,0x10,0x00,
0x9B,0x40,0x40,0x00,0x10,0x00,0xA0,0xB0,0x00,0x10,0x15,0x99,0x31,0xE3,0x8F,0x40,0x08,0x99,0x30,0x00,0x9B,0x00,0x00,0x00,
0x00,0x40,0x00,0x00,0x09,0xC8,0x01,0x02,0xCF,0xFA,0x00,0x00,0x09,0xC1,0xA1,0x61,0x8F,0x40,0x00,0x10,0x30,0x00,0x31,0xE5,
0x15,0x4F,0xE9,0x99,0x31,0xE5,0x90,0x40,0x00,0x99,0x30,0x00,0x14,0xFE,0x99,0x93,0x1E,0x50,0x05,0x00,0x01,0xCF,0xFA,0x03,
0x4F,0xD9,0x8F,0x40,0x00,0x1C,0x00,0x61,0x15,0xFF,0x09,0xCC,0xAB,0x00,0x00,0x00,0x11,0x4F,0xF0,0x04,0x0A,0x21,0x15,0xFE,
0x00,0x20,0x23,0x03,0x8E,0x00,0x33,0x04,0x7F,0x91,0x5F,0xB0,0x0A,0x01,0x00,0x8B,0x4F,0x94,0x8E,0x00,0x50,0x8A,0x04,0x25,
0x14,0xF7,0x21,0x5F,0xC0,0x00,0xFB,0x92,0x21,0x4F,0x61,0x9C,0xB5,0xA2,0x68,0x08,0x22,0x14,0xF8,0x28,0x55,0xF4,0x18,0xB6,
0xFA,0x08,0xA0,0x90,0x09,0xA4,0x3F,0x55,0xA4,0x2A,0x71,0xA2,0xA2,0xFF,0xFF,0xA9,0x4B,0x0A,0x48,0xB4,0xFC,0x98,0xDA,0x08,
0x28,0xDA,0x02,0x54,0x91,0x00,0x30,0x40,0x00,0x54,0xFE,0x09,0x03,0xED,0x29,0x91,0xEF,0x10,0x05,0x00,0x01,0xCF,0xFA,0x03,
0x00,0x00,0x8F,0x40,0x19,0x0A,0x00,0x20,0x30,0x94,0x00,0x21,0x01,0x01,0x4F,0xF9,0x01,0x5F,0xB2,0x1C,0x90,0xC0,0x15,0xFD,
0x00,0x1B,0x02,0x19,0x1A,0xF0,0x09,0xCC,0x74,0xC1,0xB0,0x00,0x88,0x54,0x80,0x0F,0xF0,0x02,0x1B,0x77,0x50,0x10,0x00,0x18,
0x1B,0x00,0x01,0x7F,0x02,0x19,0xCC,0x00,0xC9,0x90,0xC0,0x1B,0x82,0x11,0x0F,0x74,0xA2,0x1A,0xF0,0x01,0x17,0xF4,0x01,0x5F,
0xFC,0x01,0x00,0x30,0x01,0xB0,0x50,0x15,0xFE,0x26,0x15,0xFD,0x01,0x9C,0xC0,0x00,0x8F,0x40,0x02,0xFC,0x20,0x01,0x5F,0xC0,
0x21,0x7F,0x3C,0x8D,0xCC,0x00,0x2F,0xC0,0x00,0x0A,0x01,0x29,0x0E,0x49,0x40,0x00,0xFC,0x01,0x4F,0xE9,0x00,0x62,0xC8,0x15,
0x80,0x10,0x9A,0x40,0xF0,0x90,0x14,0x00,0x8F,0x40,0x01,0xCF,0x20,0x01,0xB0,0x00,0x04,0x81,0x10,0x8D,0xC0,0x02,0x8D,0x41,
0x1D,0x0C,0x11,0xC1,0x14,0xFF,0x90,0xC0,0xC0,0x1C,0x17,0xAE,0x07,0x48,0x00,0x9C,0x17,0xD2,0x00,0x00,0x00,0x9C,0xC0,0x1C,
0x8F,0x40,0x00,0x00,0x00,0x01,0x85,0xE0,0x99,0xB3,0xE0,0x99,0x90,0x00,0x14,0xFE,0x00,0x7F,0xFE,0xF9,0x18,0x5F,0x00,0x05,
0x40,0x01,0xCF,0xFE,0x01,0xC0,0x04,0x8F,0xB0,0x01,0x8D,0x40,0x31,0x08,0x00,0x01,0x14,0xFB,0x93,0x01,0xFD,0x01,0x5F,0xF0,
0x1C,0x17,0xD2,0x14,0x5F,0xC1,0x9C,0xC0,0x20,0x00,0x00,0x01,0x00,0x00,0x00,0x80,0x00,0xB1,0x5F,0xE0,0x03,0x42,0x00,0x02,
0xB0,0x00,0x00,0x00,0x00,0x17,0xFD,0x01,0x1B,0x02,0x19,0xCC,0x74,0xC9,0x90,0xC0,0x01,0x7F,0xC0,0x0F,0x00,0x00,0x1A,0xF4,
0x00,0x10,0x01,0x00,0x14,0xFA,0x90,0x00,0x50,0x01,0xCF,0xFC,0x01,0x0A,0xE1,0x00,0xC0,0x02,0x99,0x00,0x00,0x02,0x30,0x41,
0x00,0x00,0x09,0xC8,0x51,0xC1,0xCF,0xFE,0x01,0x0A,0xC0,0x0E,0x90,0x00,0x99,0x00,0x01,0x6D,0x84,0x09,0x10,0xAD,0x06,0xFC,
0x00,0x01,0x0B,0x00,0x07,0x3E,0x09,0x99,0x00,0x00,0x6E,0x00,0xF9,0x05,0x42,0x90,0x00,0x00,0x01,0x4F,0x20,0x01,0x0B,0x01,
0x19,0x90,0xC0,0x99,0xCC,0x00,0x1B,0x02,0x00,0x1A,0xF8,0x09,0x0F,0x74,0xC1,0xB0,0x0C,0x01,0xAF,0xC4,0x81,0x00,0x01,0x99,
0xB0,0x00,0x86,0xD0,0x09,0x8F,0x00,0x21,0x55,0x20,0x17,0xA0,0x90,0x90,0x00,0x00,0x09,0x90,0x00,0x01,0xB3,0xE0,0x00,0x00,
0x03,0x18,0x5E,0x09,0x7F,0xFE,0xF9,0x04,0xFE,0x99,0x90,0x00,0x07,0x50,0x00,0x94,0x17,0xAE,0x18,0x5F,0x00,0x9C,0xC0,0x1C,
0x8F,0x40,0x00,0x00,0x00,0x01,0x85,0xE0,0x00,0x00,0x10,0x99,0x90,0x00,0x9B,0x40,0x00,0x14,0xFE,0x99,0x18,0x5F,0x00,0x00,
0x0C,0x01,0x0B,0x0C,0x01,0xCF,0xFE,0x99,0x81,0x00,0x00,0x50,0x01,0x78,0x00,0x46,0x9A,0x44,0x00,0x00,0x00,0x80,0x18,0x31,
0x29,0xA0,0x00,0x6C,0xE0,0x23,0x72,0x80,0xCA,0x13,0xB9,0x08,0x48,0x10,0x18,0xB5,0x10,0x48,0xDE,0x15,0x68,0xBA,0x00,0xC8,
0x60,0xA7,0x0E,0x00,0x64,0x18,0xDC,0x77,0x52,0x0B,0x97,0x78,0xDC,0x77,0x60,0xA7,0x97,0x78,0x64,0x18,0x60,0xA7,0x52,0x0B,
0x64,0x18,0xDC,0x77,0x52,0x0B,0x97,0x78,0x06,0x06,0xB1,0x49,0x18,0xD9,0x23,0x51,0x67,0x52,0x19,0x30,0x47,0x99,0x32,0x07,
0x99,0x0C,0x01,0xBF,0xC9,0xA5,0x30,0x71,0x27,0x65,0x8E,0x7C,0xCC,0x10,0x19,0x32,0x81,0x76,0x55,0x47,0x76,0x77,0x01,0x99,
0x00,0x91,0x93,0x21,0x67,0x65,0x0F,0x7B,0x67,0x28,0x76,0x54,0x81,0x7C,0xC9,0x87,0x6D,0x85,0x81,0x99,0x00,0x98,0xEE,0x42,
0x07,0xA8,0x08,0x6B,0x05,0x00,0x00,0x50,0x00,0x8E,0xE4,0x24,0x8A,0xC4,0x20,0x00,0x80,0x89,0xA4,0x60,0x16,0xD0,0x09,0x72,
0xFF,0xFC,0x00,0x00,0x0C,0x9A,0x43,0xFF,0x72,0x80,0x96,0xD3,0x86,0x19,0xA4,0x38,0x45,0x00,0x89,0x76,0x0D,0xE8,0x00,0x00,
0x05,0x9A,0x00,0x00,0x8D,0xA4,0x24,0x91,0x10,0x00,0x37,0x84,0x30,0x91,0x05,0x99,0x91,0x05,0x8D,0xEC,0x09,0x8D,0xEC,0x30,
0x77,0xB0,0xC7,0x69,0x42,0x00,0x00,0x04,0x96,0xC2,0x24,0x9A,0x05,0x00,0x50,0x04,0x00,0x8C,0xA1,0x20,0x8B,0x20,0x20,0x00,
0x01,0x80,0xA1,0x11,0x01,0xB0,0x18,0x20,0xE0,0x25,0x08,0x41,0x00,0x76,0x20,0x99,0xC1,0xD7,0xA9,0xA5,0x00,0x00,0xA4,0x12,
0x00,0xA1,0x13,0x00,0x01,0x40,0x10,0x15,0x00,0x30,0x41,0x19,0x08,0x01,0x20,0x00,0x9F,0xA2,0x01,0x01,0x00,0x81,0x24,0x8F,
0xA1,0x23,0x08,0x82,0x25,0x87,0x01,0x90,0x8B,0x7F,0x84,0xA8,0x01,0x25,0xC0,0x02,0x89,0x08,0x10,0x86,0x80,0x8A,0x18,0x03,
0xF8,0x0A,0x02,0x11,0x1E,0x82,0x28,0xF9,0x00,0x01,0x4F,0xF0,0x01,0x82,0x16,0x1B,0x11,0xB2,0x8F,0x40,0x00,0x92,0x00,0x03,
0x18,0x2B,0x49,0x20,0x1B,0xD8,0xD9,0x57,0x0C,0xD9,0xDE,0x31,0x82,0x77,0x18,0x23,0x29,0x34,0x0B,0xD1,0x10,0x04,0x09,0xE0,
0xDC,0x18,0xD9,0x17,0x58,0xD9,0xF2,0xC1,0x85,0x34,0x98,0x29,0xA1,0x90,0x1F,0x04,0xCF,0x30,0x40,0x01,0x80,0x30,0x98,0xA1,
0x81,0x82,0x13,0x8D,0x11,0xAA,0x84,0xC3,0x03,0x8D,0x95,0x71,0x8D,0x9D,0xE1,0x93,0x91,0x78,0xE1,0x10,0x29,0x11,0xA9,0x8D,
0x01,0x64,0x8D,0x9F,0x62,0x83,0x16,0x13,0x8F,0x30,0x41,0x90,0x84,0x30,0x98,0xA1,0x18,0xD9,0x55,0x8D,0xD9,0x17,0x53,0x0E,
0xDC,0x19,0x32,0x38,0x8E,0x11,0x18,0xD9,0x1A,0xA7,0x66,0x7A,0x08,0xB6,0x10,0x11,0xB0,0x88,0x14,0xFE,0xF3,0x30,0x5C,0x48,
0x10,0x1F,0x01,0x82,0x63,0x25,0x4F,0xF0,0xB2,0x01,0x85,0x90,0x00,0x00,0x10,0x17,0x01,0x01,0x02,0x60,0x30,0x50,0x09,0xE0,
0xDF,0x20,0x00,0x00,0x00,0x00,0x00,0xC1,0x01,0x26,0x8F,0x40,0xAB,0x98,0x00,0x42,0x34,0x26,0x81,0x11,0x80,0x2B,0x10,0x68,
0x41,0x82,0xB4,0x98,0x1D,0xEE,0x8D,0x81,0x29,0x9E,0x02,0x9C,0x83,0x72,0xA9,0x01,0x20,0x69,0x82,0x30,0x31,0x90,0x62,0x8F,
0x14,0x8B,0x82,0x5E,0x8A,0x83,0x84,0xD1,0x83,0x1D,0x51,0x11,0x0E,0x08,0x05,0x07,0xB8,0x37,0x2A,0x52,0x20,0xF4,0x11,0x18,
0x18,0x90,0x20,0x95,0x8F,0x20,0x69,0x03,0x17,0x82,0x7F,0x31,0x50,0x05,0x00,0x10,0xCF,0xFE,0x20,0x0B,0x00,0x8F,0x40,0x01,
0x00,0x00,0x00,0x00,
};

/** @} */

/**
 * Firmware memory block metadata
 */
const halo_boot_block_t cs40l50_fw_blocks[] = {
    {
        .address = 0x02000000,
        .block_size = 432,
        .bytes = cs40l50_fw_block_0
    },
    {
        .address = 0x02800240,
        .block_size = 12,
        .bytes = cs40l50_fw_block_1
    },
    {
        .address = 0x020001F8,
        .block_size = 12,
        .bytes = cs40l50_fw_block_2
    },
    {
        .address = 0x028002B0,
        .block_size = 12,
        .bytes = cs40l50_fw_block_3
    },
    {
        .address = 0x02000210,
        .block_size = 204,
        .bytes = cs40l50_fw_block_4
    },
    {
        .address = 0x028003D0,
        .block_size = 8,
        .bytes = cs40l50_fw_block_5
    },
    {
        .address = 0x02800408,
        .block_size = 8,
        .bytes = cs40l50_fw_block_6
    },
    {
        .address = 0x0200030C,
        .block_size = 48,
        .bytes = cs40l50_fw_block_7
    },
    {
        .address = 0x02800460,
        .block_size = 8,
        .bytes = cs40l50_fw_block_8
    },
    {
        .address = 0x020003E4,
        .block_size = 72,
        .bytes = cs40l50_fw_block_9
    },
    {
        .address = 0x02800590,
        .block_size = 8,
        .bytes = cs40l50_fw_block_10
    },
    {
        .address = 0x02000534,
        .block_size = 12,
        .bytes = cs40l50_fw_block_11
    },
    {
        .address = 0x020005F4,
        .block_size = 12,
        .bytes = cs40l50_fw_block_12
    },
    {
        .address = 0x02001050,
        .block_size = 228,
        .bytes = cs40l50_fw_block_13
    },
    {
        .address = 0x028016F0,
        .block_size = 4,
        .bytes = cs40l50_fw_block_14
    },
    {
        .address = 0x028016F8,
        .block_size = 8,
        .bytes = cs40l50_fw_block_15
    },
    {
        .address = 0x02001140,
        .block_size = 480,
        .bytes = cs40l50_fw_block_16
    },
    {
        .address = 0x02001344,
        .block_size = 12,
        .bytes = cs40l50_fw_block_17
    },
    {
        .address = 0x02001374,
        .block_size = 12,
        .bytes = cs40l50_fw_block_18
    },
    {
        .address = 0x02801A18,
        .block_size = 8,
        .bytes = cs40l50_fw_block_19
    },
    {
        .address = 0x02001398,
        .block_size = 24,
        .bytes = cs40l50_fw_block_20
    },
    {
        .address = 0x02801A40,
        .block_size = 12,
        .bytes = cs40l50_fw_block_21
    },
    {
        .address = 0x02801A68,
        .block_size = 8,
        .bytes = cs40l50_fw_block_22
    },
    {
        .address = 0x020013D4,
        .block_size = 612,
        .bytes = cs40l50_fw_block_23
    },
    {
        .address = 0x02001728,
        .block_size = 444,
        .bytes = cs40l50_fw_block_24
    },
    {
        .address = 0x02802148,
        .block_size = 8,
        .bytes = cs40l50_fw_block_25
    },
    {
        .address = 0x028021DC,
        .block_size = 4,
        .bytes = cs40l50_fw_block_26
    },
    {
        .address = 0x028030B8,
        .block_size = 8,
        .bytes = cs40l50_fw_block_27
    },
    {
        .address = 0x02002490,
        .block_size = 36,
        .bytes = cs40l50_fw_block_28
    },
    {
        .address = 0x028030F0,
        .block_size = 8,
        .bytes = cs40l50_fw_block_29
    },
    {
        .address = 0x02002868,
        .block_size = 24,
        .bytes = cs40l50_fw_block_30
    },
    {
        .address = 0x020029A0,
        .block_size = 84,
        .bytes = cs40l50_fw_block_31
    },
    {
        .address = 0x0340063C,
        .block_size = 4,
        .bytes = cs40l50_fw_block_32
    },
    {
        .address = 0x03400798,
        .block_size = 8,
        .bytes = cs40l50_fw_block_33
    },
    {
        .address = 0x02C005B8,
        .block_size = 48,
        .bytes = cs40l50_fw_block_34
    },
    {
        .address = 0x02C00990,
        .block_size = 588,
        .bytes = cs40l50_fw_block_35
    },
    {
        .address = 0x03400FD0,
        .block_size = 8,
        .bytes = cs40l50_fw_block_36
    },
    {
        .address = 0x02C00F0C,
        .block_size = 72,
        .bytes = cs40l50_fw_block_37
    },
    {
        .address = 0x03401470,
        .block_size = 8,
        .bytes = cs40l50_fw_block_38
    },
    {
        .address = 0x03800000,
        .block_size = 4140,
        .bytes = cs40l50_fw_block_39
    },
    {
        .address = 0x0380102C,
        .block_size = 4140,
        .bytes = cs40l50_fw_block_40
    },
    {
        .address = 0x03802058,
        .block_size = 4140,
        .bytes = cs40l50_fw_block_41
    },
    {
        .address = 0x03803084,
        .block_size = 4140,
        .bytes = cs40l50_fw_block_42
    },
    {
        .address = 0x038040B0,
        .block_size = 2620,
        .bytes = cs40l50_fw_block_43
    },

};

/**
 * @defgroup CS40L50_COEFFICIENT_0_MEMORY_BLOCKS
 * @brief Coefficient _0 memory blocks
 * @details
 * Trailing zero bytes may be appended to fill output words
 *
 * @{
 */
const uint8_t cs40l50_coeff_0_block_0[] = {
0x00,0x3C,0x00,0x00,0x00,0x01,0x48,0x82,0x00,0x00,0x00,0x00,
};

const uint8_t cs40l50_coeff_0_block_1[] = {
0x00,0x00,0x00,0x0A,
};

const uint8_t cs40l50_coeff_0_block_2[] = {
0x00,0x00,0x00,0x00,
};

const uint8_t cs40l50_coeff_0_block_3[] = {
0x00,0x00,0x00,0x0C,0x00,0x00,0x00,0x1F,
};

const uint8_t cs40l50_coeff_0_block_4[] = {
0x0C,0x00,0x00,0x07,0x00,0x26,0x04,0x00,0x00,0x00,0x07,0x00,0x30,0x04,0x00,0x0C,0x00,0x0F,0x00,0x00,0x04,0x00,0x0C,0x00,
0x07,0x00,0x00,0x42,0x00,0x0C,0x00,0x00,0x00,0x00,0x4C,0x04,0x0C,0x00,0x00,0x07,0x00,0x56,0x04,0x00,0x00,0x00,0x09,0x00,
0x62,0x04,0x00,0x0C,0x00,0x07,0x00,0x00,0x04,0x00,0x0C,0x00,0x07,0x00,0x00,0x6C,0x00,0x0C,0x00,0x00,0x00,0x00,0x76,0x04,
0x0C,0x00,0x00,0x0D,0x00,0x86,0x04,0x00,0x00,0x00,0x0F,0x00,0x08,0xFF,0xFF,0xFF,0x64,0x00,0x80,0x00,0x20,0x00,0x00,0x00,
0x40,0x00,0x32,0x01,0x32,0x01,0x00,0x00,0x00,0x00,0x00,0x00,0x00,0x80,0x00,0x32,0x00,0x00,0x00,0x64,0xA5,0x28,0x31,0x20,
0x31,0x00,0x01,0x90,0x00,0x00,0x00,0x28,0x01,0x01,0x01,0x00,0xFF,0x00,0x00,0xA0,0x01,0xDC,0xFF,0xFF,0x00,0x64,0x00,0x80,
0x51,0x60,0x00,0x00,0x02,0x81,0x00,0x19,0x91,0x19,0x51,0x00,0x51,0x00,0x00,0x00,0x09,0xE0,0x00,0x19,0x00,0x19,0x51,0x00,
0x51,0x00,0x00,0x01,0x02,0x80,0x91,0x19,0x00,0x19,0x51,0x00,0x01,0x00,0x00,0x00,0x00,0xA0,0x01,0x01,0xFF,0xFF,0xFF,0x00,
0x00,0x80,0x00,0x0A,0x00,0x01,0x00,0x64,0x4F,0x61,0x61,0x20,0x61,0x00,0x00,0x51,0x00,0x00,0x4F,0x61,0x01,0x01,0x01,0x00,
0xFF,0x00,0x00,0xA0,0x00,0x58,0xFF,0xFF,0x00,0x64,0x00,0x80,0x21,0x20,0x00,0x01,0x02,0xC1,0x4F,0x22,0x4F,0x22,0x21,0x00,
0x01,0x00,0x00,0x00,0x00,0xA0,0x01,0x01,0xFF,0xFF,0xFF,0x00,0x00,0x80,0x01,0x72,0x00,0x00,0x00,0x64,0x00,0x19,0x51,0x30,
0xE9,0x00,0x04,0xE0,0x06,0xB1,0x63,0x1F,0x70,0x2E,0xC9,0x00,0x01,0x00,0x00,0x00,0x00,0xA0,0x01,0x01,0xFF,0xFF,0xFF,0x00,
0x00,0x80,0x00,0x5A,0x00,0x01,0x00,0x64,0x91,0x21,0x91,0x20,0x91,0x00,0x02,0xD0,0x00,0x00,0x00,0x21,0x01,0x01,0x01,0x00,
0xFF,0x00,0x00,0xA0,0x00,0x26,0xFF,0xFF,0x00,0x64,0x00,0x80,0x01,0x20,0x00,0x00,0x01,0x31,0x00,0x4D,0x91,0x4D,0x01,0x00,
0x01,0x00,0x00,0x00,0x00,0xA0,0x01,0x01,0xFF,0xFF,0xFF,0x00,0x00,0x80,0x03,0xEE,0x00,0x00,0x00,0x64,0xEC,0x32,0x11,0x50,
0x09,0x00,0x01,0xB0,0x00,0x00,0xEC,0x37,0x00,0x37,0x09,0x00,0x09,0x00,0x0D,0xA0,0x10,0x22,0x00,0x37,0xDF,0x95,0x19,0x00,
0x01,0x00,0x00,0x00,0x00,0xA0,0x01,0x01,0xFF,0xFF,0xFF,0x00,0x00,0x80,0x04,0x20,0x00,0x01,0x00,0x64,0x91,0x4B,0xE1,0x60,
0xE1,0x00,0x0C,0x61,0x00,0x00,0x91,0x4B,0x00,0x4B,0xE1,0x00,0xE1,0x00,0x08,0x40,0x00,0x01,0x00,0x4B,0x91,0x4B,0xE1,0x00,
0xE1,0x00,0x0C,0x61,0x00,0x00,0x91,0x4B,0x01,0x01,0x01,0x00,
};

const uint8_t cs40l50_coeff_0_block_5[] = {
0x00,0x00,0x00,0xA0,0x00,0xFF,0xFF,0xFF,
};

const uint8_t cs40l50_coeff_0_block_6[] = {
0x00,0x32,0x00,0x00,
};

const uint8_t cs40l50_coeff_0_block_7[] = {
0x03,0x00,0x00,0x03,0x00,0x0D,0x00,0x08,0x00,0x0C,0x0D,0x00,0x11,0x00,0x00,0x11,0x00,0x13,0x00,0x0C,0x00,0x0C,0x13,0x00,
0x0E,0x00,0x00,0x0E,0x00,0x0F,0x00,0x0C,0x00,0x0C,0x0F,0x00,0x05,0x00,0x00,0x05,0x00,0x17,0x00,0x08,0x00,0x0C,0x17,0x00,
};

/** @} */

/**
 * Coefficient _0 memory block metadata
 */
const halo_boot_block_t cs40l50_coeff_0_blocks[] = {
    {
        .address = 0x02805C00,
        .block_size = 12,
        .bytes = cs40l50_coeff_0_block_0
    },
    {
        .address = 0x02805C18,
        .block_size = 4,
        .bytes = cs40l50_coeff_0_block_1
    },
    {
        .address = 0x02805C30,
        .block_size = 4,
        .bytes = cs40l50_coeff_0_block_2
    },
    {
        .address = 0x02805C48,
        .block_size = 8,
        .bytes = cs40l50_coeff_0_block_3
    },
    {
        .address = 0x0200453C,
        .block_size = 444,
        .bytes = cs40l50_coeff_0_block_4
    },
    {
        .address = 0x02805EA0,
        .block_size = 8,
        .bytes = cs40l50_coeff_0_block_5
    },
    {
        .address = 0x02807B88,
        .block_size = 4,
        .bytes = cs40l50_coeff_0_block_6
    },
    {
        .address = 0x020030F0,
        .block_size = 48,
        .bytes = cs40l50_coeff_0_block_7
    },

};

/**
 * @defgroup CS40L50_COEFFICIENT_1_MEMORY_BLOCKS
 * @brief Coefficient _1 memory blocks
 * @details
 * Trailing zero bytes may be appended to fill output words
 *
 * @{
 */
const uint8_t cs40l50_coeff_1_block_0[] = {
0x00,0x7F,0xFC,0xB9,0x00,0x04,0x92,0x49,
};

const uint8_t cs40l50_coeff_1_block_1[] = {
0x00,0x00,0x00,0x2A,0x00,0x00,0x00,0x54,0x00,0x00,0x00,0x2A,
};

const uint8_t cs40l50_coeff_1_block_2[] = {
0x63,0x7F,0x46,0x0C,0x00,0x2A,0xC0,0xB9,0x00,0x00,0x54,0x00,0x84,0x00,0x00,0x2A,0x87,0xEB,0x7F,0x77,0x00,0x00,0x1B,0xC0,
0x1B,0x00,0x00,0x36,0xCD,0x8D,0x00,0x00,0xC0,0x31,0xE1,0x7F,0xC0,0x3F,0xD2,0x20,0xD2,0x20,0x80,0x5B,0x7F,0xA5,0x03,0x3F,
0x33,0xC0,0x5A,0xBD,0x33,0x33,0x03,0x33,0x00,0x00,0x00,0x03,0x00,0x38,0x20,0x62,0x50,0xF0,0x00,0x00,0x00,0xA1,0xE0,0x00,
0x51,0x00,0x50,0xF0,0xD7,0x86,0x77,0x21,0x40,0x00,0x00,0xC7,0x00,0x80,0x00,0x00,0xA9,0x5F,0x40,0x00,0xCC,0x89,0xBE,0x72,
0x45,0x36,0xDC,0x5D,0xDC,0x5D,0x92,0x47,0x79,0xA4,0x31,0x36,0x00,0xC5,0x82,0x73,0x00,0x00,0x04,0x00,0x00,0x00,0x00,0x04,
0x0A,0x00,0x00,0x00,0x00,0x01,0x00,0x00,0x00,0x00,0x01,0x00,0x20,0x00,0x00,0x06,0x00,0x20,0x00,0x00,0x00,0x00,0x01,0x00,
0x9A,0x01,0x01,0x3B,0x34,0xF7,0x39,0x99,0x42,0x34,0xF7,0x42,
};

const uint8_t cs40l50_coeff_1_block_3[] = {
0x00,0x0F,0x77,0x77,0x00,0x2E,0xDB,0x6E,
};

const uint8_t cs40l50_coeff_1_block_4[] = {
0x00,0x00,0x00,0x00,
};

const uint8_t cs40l50_coeff_1_block_5[] = {
0x00,0x00,0x00,0x06,
};

const uint8_t cs40l50_coeff_1_block_6[] = {
0xED,0x00,0x00,0x00,0x2F,0xDA,0x00,0x17,0x00,0x17,0xED,0x00,
};

const uint8_t cs40l50_coeff_1_block_7[] = {
0x00,0x87,0x1A,0x15,0x00,0x39,0x45,0x9F,
};

const uint8_t cs40l50_coeff_1_block_8[] = {
0xBE,0x04,0x00,0x00,0x04,0x42,0x7F,0xFB,0x00,0x00,0x62,0x00,0x00,0x7F,0xFF,0x30,0x00,0x00,0x00,0x00,0x00,0x00,0x00,0x00,
0x00,0x00,0x00,0x00,0x00,0x00,0x00,0x00,0x00,0x00,0x00,0x00,
};

const uint8_t cs40l50_coeff_1_block_9[] = {
0x00,0x00,0x4A,0x3D,
};

const uint8_t cs40l50_coeff_1_block_10[] = {
0x00,0x67,0x51,0xEC,
};

const uint8_t cs40l50_coeff_1_block_11[] = {
0x00,0x7D,0x70,0xA4,0x00,0x73,0x33,0x33,0x00,0x00,0x00,0x00,0x00,0x00,0x00,0x1D,0x00,0x00,0x00,0x01,
};

const uint8_t cs40l50_coeff_1_block_12[] = {
0x00,0x59,0x99,0x9A,0x00,0x59,0x99,0x9A,0x00,0x60,0x00,0x00,
};

const uint8_t cs40l50_coeff_1_block_13[] = {
0x00,0x06,0x66,0x66,
};

const uint8_t cs40l50_coeff_1_block_14[] = {
0xA4,0x0C,0xCC,0xCD,0x00,0x00,0x7D,0x70,0x00,0x00,0x01,0x00,
};

const uint8_t cs40l50_coeff_1_block_15[] = {
0x00,0x01,0xEB,0x85,
};

const uint8_t cs40l50_coeff_1_block_16[] = {
0x00,0x00,0x00,0x00,
};

const uint8_t cs40l50_coeff_1_block_17[] = {
0x00,0x00,0x00,0x00,0x00,0x7E,0xB8,0x52,0x00,0x00,0x00,0x14,
};

const uint8_t cs40l50_coeff_1_block_18[] = {
0x00,0x02,0x8F,0x5C,0x00,0x59,0x99,0x9A,
};

const uint8_t cs40l50_coeff_1_block_19[] = {
0x00,0x00,0x00,0x00,0x00,0x00,0xC2,0x29,
};

const uint8_t cs40l50_coeff_1_block_20[] = {
0x15,0x00,0x00,0x00,0x00,0x00,0x00,0x00,0x00,0x00,0x00,0x00,
};

const uint8_t cs40l50_coeff_1_block_21[] = {
0x00,0x00,0x48,0x00,
};

const uint8_t cs40l50_coeff_1_block_22[] = {
0x00,0x00,0x00,0x18,
};

const uint8_t cs40l50_coeff_1_block_23[] = {
0x06,0x06,0x66,0x66,0x00,0x18,0x00,0x00,0x05,0x55,0x55,0x00,0x30,0x00,0x00,0x30,0x00,0x00,0x00,0x00,0x10,0x00,0x00,0x02,
};

const uint8_t cs40l50_coeff_1_block_24[] = {
0x00,0x00,0x5D,0xE4,
};

const uint8_t cs40l50_coeff_1_block_25[] = {
0x0B,0x00,0x00,0x0B,0xAA,0xAB,0x00,0x00,0x02,0xAA,0xAB,0x02,0x0F,0x00,0x00,0x18,0x00,0x00,0x00,0xEA,0x00,0x12,0xC0,0x00,
0x00,0x06,0x66,0x66,0x00,0x06,0x00,0x00,0x00,0x00,0x64,0x00,0x02,0x00,0x00,0x24,0x00,0x18,0x00,0x00,0x00,0x00,0x60,0x00,
0xC0,0x00,0x00,0x60,0x12,0xC0,0x00,0x12,0x00,0x25,0x80,0x00,0x00,0x00,0x01,0x56,0x09,0x60,0x00,0x00,0x00,0x00,0x00,0x00,
};

const uint8_t cs40l50_coeff_1_block_26[] = {
0x00,0x00,0x00,0x36,0x00,0x00,0x00,0x00,0x00,0x40,0x00,0x00,
};

const uint8_t cs40l50_coeff_1_block_27[] = {
0x00,0x47,0xCE,0xD9,0x00,0x71,0xEB,0x85,0x00,0x00,0x00,0x00,
};

const uint8_t cs40l50_coeff_1_block_28[] = {
0x00,0x00,0x01,0xE0,0x00,0x00,0x44,0x44,
};

const uint8_t cs40l50_coeff_1_block_29[] = {
0x00,0x01,0xD4,0x1D,0x00,0x06,0x66,0x66,
};

const uint8_t cs40l50_coeff_1_block_30[] = {
0x00,0x00,0x00,0x01,
};

const uint8_t cs40l50_coeff_1_block_31[] = {
0x00,0x00,0x04,0x08,0x00,0x01,0x13,0x8C,0x00,0x00,0xB2,0x00,
};

const uint8_t cs40l50_coeff_1_block_32[] = {
0x00,0x00,0x00,0x00,
};

/** @} */

/**
 * Coefficient _1 memory block metadata
 */
const halo_boot_block_t cs40l50_coeff_1_blocks[] = {
    {
        .address = 0x03401010,
        .block_size = 8,
        .bytes = cs40l50_coeff_1_block_0
    },
    {
        .address = 0x03401024,
        .block_size = 12,
        .bytes = cs40l50_coeff_1_block_1
    },
    {
        .address = 0x02C00C24,
        .block_size = 156,
        .bytes = cs40l50_coeff_1_block_2
    },
    {
        .address = 0x03401100,
        .block_size = 8,
        .bytes = cs40l50_coeff_1_block_3
    },
    {
        .address = 0x03401128,
        .block_size = 4,
        .bytes = cs40l50_coeff_1_block_4
    },
    {
        .address = 0x03401138,
        .block_size = 4,
        .bytes = cs40l50_coeff_1_block_5
    },
    {
        .address = 0x02C00D38,
        .block_size = 12,
        .bytes = cs40l50_coeff_1_block_6
    },
    {
        .address = 0x034011B0,
        .block_size = 8,
        .bytes = cs40l50_coeff_1_block_7
    },
    {
        .address = 0x02C00D68,
        .block_size = 36,
        .bytes = cs40l50_coeff_1_block_8
    },
    {
        .address = 0x03401218,
        .block_size = 4,
        .bytes = cs40l50_coeff_1_block_9
    },
    {
        .address = 0x03401220,
        .block_size = 4,
        .bytes = cs40l50_coeff_1_block_10
    },
    {
        .address = 0x03401228,
        .block_size = 20,
        .bytes = cs40l50_coeff_1_block_11
    },
    {
        .address = 0x0340124C,
        .block_size = 12,
        .bytes = cs40l50_coeff_1_block_12
    },
    {
        .address = 0x0340125C,
        .block_size = 4,
        .bytes = cs40l50_coeff_1_block_13
    },
    {
        .address = 0x02C00DC8,
        .block_size = 12,
        .bytes = cs40l50_coeff_1_block_14
    },
    {
        .address = 0x03401270,
        .block_size = 4,
        .bytes = cs40l50_coeff_1_block_15
    },
    {
        .address = 0x0340127C,
        .block_size = 4,
        .bytes = cs40l50_coeff_1_block_16
    },
    {
        .address = 0x03401284,
        .block_size = 12,
        .bytes = cs40l50_coeff_1_block_17
    },
    {
        .address = 0x03401294,
        .block_size = 8,
        .bytes = cs40l50_coeff_1_block_18
    },
    {
        .address = 0x034012C8,
        .block_size = 8,
        .bytes = cs40l50_coeff_1_block_19
    },
    {
        .address = 0x02C00E1C,
        .block_size = 12,
        .bytes = cs40l50_coeff_1_block_20
    },
    {
        .address = 0x034012E0,
        .block_size = 4,
        .bytes = cs40l50_coeff_1_block_21
    },
    {
        .address = 0x034012EC,
        .block_size = 4,
        .bytes = cs40l50_coeff_1_block_22
    },
    {
        .address = 0x02C00E34,
        .block_size = 24,
        .bytes = cs40l50_coeff_1_block_23
    },
    {
        .address = 0x0340131C,
        .block_size = 4,
        .bytes = cs40l50_coeff_1_block_24
    },
    {
        .address = 0x02C00E58,
        .block_size = 72,
        .bytes = cs40l50_coeff_1_block_25
    },
    {
        .address = 0x03401390,
        .block_size = 12,
        .bytes = cs40l50_coeff_1_block_26
    },
    {
        .address = 0x034013A0,
        .block_size = 12,
        .bytes = cs40l50_coeff_1_block_27
    },
    {
        .address = 0x034013B0,
        .block_size = 8,
        .bytes = cs40l50_coeff_1_block_28
    },
    {
        .address = 0x034013C4,
        .block_size = 8,
        .bytes = cs40l50_coeff_1_block_29
    },
    {
        .address = 0x034013D0,
        .block_size = 4,
        .bytes = cs40l50_coeff_1_block_30
    },
    {
        .address = 0x034013D8,
        .block_size = 12,
        .bytes = cs40l50_coeff_1_block_31
    },
    {
        .address = 0x034013E8,
        .block_size = 4,
        .bytes = cs40l50_coeff_1_block_32
    },

};


/***********************************************************************************************************************
 * LOCAL FUNCTIONS
 **********************************************************************************************************************/

/***********************************************************************************************************************
 * API FUNCTIONS
 **********************************************************************************************************************/
